-- MySQL dump 10.13  Distrib 5.7.37, for Linux (x86_64)
--
-- Host: localhost    Database: tims
-- ------------------------------------------------------
-- Server version	5.7.37-0ubuntu0.18.04.1

/*!40101 SET @OLD_CHARACTER_SET_CLIENT=@@CHARACTER_SET_CLIENT */;
/*!40101 SET @OLD_CHARACTER_SET_RESULTS=@@CHARACTER_SET_RESULTS */;
/*!40101 SET @OLD_COLLATION_CONNECTION=@@COLLATION_CONNECTION */;
/*!40101 SET NAMES utf8 */;
/*!40103 SET @OLD_TIME_ZONE=@@TIME_ZONE */;
/*!40103 SET TIME_ZONE='+00:00' */;
/*!40014 SET @OLD_UNIQUE_CHECKS=@@UNIQUE_CHECKS, UNIQUE_CHECKS=0 */;
/*!40014 SET @OLD_FOREIGN_KEY_CHECKS=@@FOREIGN_KEY_CHECKS, FOREIGN_KEY_CHECKS=0 */;
/*!40101 SET @OLD_SQL_MODE=@@SQL_MODE, SQL_MODE='NO_AUTO_VALUE_ON_ZERO' */;
/*!40111 SET @OLD_SQL_NOTES=@@SQL_NOTES, SQL_NOTES=0 */;

--
-- Table structure for table `Operators`
--

DROP TABLE IF EXISTS `Operators`;
/*!40101 SET @saved_cs_client     = @@character_set_client */;
/*!40101 SET character_set_client = utf8 */;
CREATE TABLE `Operators` (
  `id` varchar(30) NOT NULL,
  `operatorName` varchar(30) DEFAULT NULL,
  `operatorAbbr` varchar(30) DEFAULT NULL,
  `iban` varchar(34) DEFAULT NULL,
  PRIMARY KEY (`id`),
  UNIQUE KEY `operatorName` (`operatorName`),
  UNIQUE KEY `operatorAbbr` (`operatorAbbr`),
  UNIQUE KEY `iban` (`iban`)
) ENGINE=InnoDB DEFAULT CHARSET=latin1;
/*!40101 SET character_set_client = @saved_cs_client */;

--
-- Dumping data for table `Operators`
--

LOCK TABLES `Operators` WRITE;
/*!40000 ALTER TABLE `Operators` DISABLE KEYS */;
INSERT INTO `Operators` VALUES ('1G5N','egnatia','EG','GR8501769819712186422528741'),('1VYY','olympia_odos','OO','GR3701772522328791884718979'),('JNI9','kentriki_odos','KO','GR1701081323228746391281469'),('NJO4','gefyra','GF','GR4001117546458185546132592'),('NLLG','nea_odos','NE','GR3201784557872874282317665'),('SXNF','aodos','AO','GR4001061656445377653524954'),('WV7J','moreas','MR','GR2901156325429496621317653');
/*!40000 ALTER TABLE `Operators` ENABLE KEYS */;
UNLOCK TABLES;

--
-- Table structure for table `Passes`
--

DROP TABLE IF EXISTS `Passes`;
/*!40101 SET @saved_cs_client     = @@character_set_client */;
/*!40101 SET character_set_client = utf8 */;
CREATE TABLE `Passes` (
  `id` varchar(30) NOT NULL,
  `timestamp` datetime(6) DEFAULT NULL,
  `charge` double DEFAULT NULL,
  `StationId` varchar(30) DEFAULT NULL,
  `TagId` varchar(30) DEFAULT NULL,
  PRIMARY KEY (`id`),
  KEY `StationId` (`StationId`),
  KEY `TagId` (`TagId`),
  CONSTRAINT `Passes_ibfk_1` FOREIGN KEY (`StationId`) REFERENCES `Stations` (`id`) ON DELETE SET NULL ON UPDATE CASCADE,
  CONSTRAINT `Passes_ibfk_2` FOREIGN KEY (`TagId`) REFERENCES `Tags` (`id`) ON DELETE SET NULL ON UPDATE CASCADE
) ENGINE=InnoDB DEFAULT CHARSET=latin1;
/*!40101 SET character_set_client = @saved_cs_client */;

--
-- Dumping data for table `Passes`
--

LOCK TABLES `Passes` WRITE;
/*!40000 ALTER TABLE `Passes` DISABLE KEYS */;
INSERT INTO `Passes` VALUES ('00G87j73yGX0f4e','2017-12-15 02:54:07.000000',9.39,'r19rz017v07tQ9k','I4PtJ49h349ouw4'),('00GP32GzxDH3E13','2004-02-18 14:02:17.000000',16.15,'4D7WtneJBR4SOD6','UK364KsP8fT8lK0'),('013m4T771Dw52wp','2010-02-09 07:26:56.000000',8.54,'i8kldNzf9n7jD72','9D1Is0kB42d9vJC'),('01aX6Y51Da633bI','2002-09-25 21:33:05.000000',12.67,'52D56M10m75oSL6','652fu622B4Y6p89'),('01O90ic0IgL469b','2001-05-08 19:55:47.000000',4.91,'699E5bnO42500J0','z6ggb03U6m03w98'),('023cbCQtJT1uz1o','2013-04-09 15:30:42.000000',17.69,'n714pqFx813vOU3','9Q1yq013f9O4jyo'),('02v4nY8zj7EG2X6','2014-08-10 10:19:07.000000',2.19,'piw7N85Q54a92n9','4q0hB2i7e59D80G'),('02wi1n09F0bO9Ab','2002-04-06 14:17:09.000000',15.4,'hjtA4dolx78hLZ4','e2GuLR15fF1f8Jw'),('0424TY295I64023','2018-01-09 12:22:14.000000',11.18,'QAj0pxZJ28oF5O1','u94420BN2O4Vbs9'),('04947G5ug3yd45V','2012-06-07 11:35:11.000000',11.5,'QAj0pxZJ28oF5O1','cjBvM62dt7884r6'),('04L57J851u7y1Q2','2010-02-22 04:42:06.000000',6.01,'YEJNzK6mXm1hc02','m8N4sC6to7mo2A1'),('05835nARl1L7Lj5','2011-05-10 00:47:47.000000',6.84,'8e161Xx14RCXXsb','H21uabVw8616XZ8'),('0625VznHlB15g1b','2000-06-14 06:26:55.000000',2.07,'699E5bnO42500J0','182685jM96LRAkl'),('06r0i1Iw0jX344X','2005-11-11 13:26:21.000000',16.38,'IMY64AioW5p2H52','6W67H6eO7HsX6F6'),('0704E087N3Q38R7','2016-07-17 07:48:12.000000',3.62,'At44156158l64vo','idhYpo0rL396t8e'),('073Et2J2ACaT9d6','2002-05-02 02:44:11.000000',12.92,'87k3UNI3yaOG40a','126XUu110CA0703'),('0863NDF3R4ianlh','2006-12-31 09:24:21.000000',4.23,'9dT0t2nBU9OmI6n','00L5y85lkoYnTij'),('08J68jZGmrl46t3','2004-02-24 02:16:31.000000',15.61,'1mv8ZN316KYs25W','tV9fTB8rL68l399'),('08W3583eyHO8193','2020-12-11 19:54:34.000000',2.75,'Q1t69Ov806uq91M','77K66a197104H6M'),('09JU24eA7x2kE1O','2018-09-12 03:23:22.000000',11.97,'8e161Xx14RCXXsb','bH33M198y8L0j2P'),('09vFnCT5Z1z02PE','2003-04-04 09:49:42.000000',2.01,'RVPxC4E156u202C','m13C94kMS55zR0U'),('0aE085f2R72cdO2','2009-11-16 08:14:34.000000',5.93,'699E5bnO42500J0','4PKur3S279H1sT2'),('0AzUDiy3YhI341V','2018-05-14 20:55:42.000000',10.22,'r19rz017v07tQ9k','vW56qj5s8po6ttl'),('0B286oB4A71bW9b','2015-03-21 20:44:09.000000',4.24,'6843D2kDlBZhR9I','1UN04V52U641E56'),('0fE06kn50616D0y','2007-04-11 06:08:37.000000',7.36,'TsN47gS04088kHS','O1H45788413yPx5'),('0kHyU92Qa7n25e0','2016-08-26 11:08:43.000000',9.82,'124XAyQ7xZ1433F','tUiAF8eY24468E0'),('0m9640729mq5SUf','2020-08-18 23:40:29.000000',2.51,'421u79reNysyj3W','08JC1GC0CZ66TI2'),('0m977kqU89q4tUQ','2005-08-29 18:12:32.000000',16.82,'vu9WRGaAx56T8bR','BhOH759sbE08r5r'),('0n00e9f5efSSVNj','2003-01-18 17:08:31.000000',12.17,'i8kldNzf9n7jD72','9u612kugo88C2G7'),('0orw4a2k9M54oOa','2013-01-03 03:56:14.000000',16.9,'30pD52p911aBO5H','8K2n00N15ADfu8i'),('0p5268yr1307914','2012-03-11 22:51:08.000000',10.23,'30pD52p911aBO5H','6Lc1r09n4oFc860'),('0PC1J3a576112Td','2006-01-25 21:06:43.000000',5.89,'WnM550o86rxQ5pD','98C7wrf74jKUUsT'),('0rB1K34x313jf95','2001-07-20 05:23:50.000000',11.21,'WnM550o86rxQ5pD','0A74E47x1qMCB5z'),('0v3wfd6e8751iZ4','2017-10-30 16:52:03.000000',5.2,'Q1t69Ov806uq91M','BUJFXP613E8c33Z'),('0Wj10u84VwEK0er','2021-09-25 07:51:14.000000',15.76,'65k0mhD458sjjZq','en0l5U43W4h6MB6'),('105Y14v1bCSH8mr','2002-10-14 04:46:55.000000',2.83,'8f91m4CZ8Gxvjgt','8U2id61Bk371fxY'),('10e2Q067ym74591','2003-07-18 16:52:30.000000',19.45,'8e161Xx14RCXXsb','0000o1245792n9Y'),('113sAY6m3vw8I55','2021-09-03 06:05:46.000000',15.19,'3193T6Q1233MS8V','352aw19mocL5onT'),('12862lHw16y32y6','2001-09-04 08:03:53.000000',18.36,'6324cH2b515J4y2','2hY42393rK2W5u8'),('12eA7SgJ70k0FjQ','2008-04-28 02:44:55.000000',11.78,'At44156158l64vo','2p0EA0UHoxB53vh'),('13CJj9S70V5z1Do','2009-02-09 23:05:08.000000',18.06,'3c75y6F8bg3x223','5zCRYX8S07EW64f'),('13KBiMtU1Stq8d0','2014-08-30 15:41:40.000000',11,'YEJNzK6mXm1hc02','K7360705D42141C'),('13PIjo1k4MIf426','2018-11-25 19:27:54.000000',8.54,'7m0v986L7dxrP3L','3g8680176A278tZ'),('13vh2Q4m650644X','2005-09-03 23:06:43.000000',13.94,'4Kx75734q2460R7','eQlf8Kl304LbE4T'),('1416R87641YZNQg','2010-06-07 20:28:19.000000',6.78,'Q1t69Ov806uq91M','S7586Th29YjW2u3'),('1419Dvq133J1HQ5','2001-04-20 21:37:14.000000',16.41,'vu9WRGaAx56T8bR','tYvF69J87QO1J8s'),('146j852dgJN2fDm','2004-07-08 08:44:17.000000',10.29,'IlDIu9520zS9O69','5zCRYX8S07EW64f'),('14gVI4ozk4M4v79','2003-05-06 17:04:52.000000',9.01,'3193T6Q1233MS8V','6fY546JJIgPNBki'),('14HS4RIGF0O745E','2006-11-20 01:29:23.000000',15.76,'i8kldNzf9n7jD72','r9s705nR8kzF0Z6'),('14iFI09ST37zV10','2004-01-07 18:06:49.000000',11.21,'8Y7h9fcJ65rDBj6','1L3zZcZ70LWDb69'),('14nW63N5e6VFt59','2007-09-26 12:04:03.000000',18.54,'G20R8KKt1843819','W4Bf6oLj4y130g2'),('14uwE27sC29llZ2','2004-03-25 15:39:56.000000',11.6,'124XAyQ7xZ1433F','w40OG46i7sb73nA'),('15305dEj29o0762','2008-08-09 21:06:49.000000',12.32,'0Y854pn0K04l28c','F28VE2d2ae514B4'),('16LZ7Ja6LmQ9g5A','2011-08-11 09:51:50.000000',19.96,'07855cr60P8O3N9','DWA4kckvT0502m2'),('174WkL7BG2dVly1','2003-03-15 05:33:59.000000',15.93,'e1004MN5TF7X47R','MP7k1s7M4995L67'),('1760U1K53ED55aB','2009-03-22 05:14:34.000000',2.34,'07855cr60P8O3N9','A6ocu13j02se56z'),('1770v6484W799X5','2004-05-05 15:46:04.000000',5.89,'2O24G0KU04A8K91','delr306e614lP23'),('1818b3ax1j0ly5F','2004-09-08 15:57:46.000000',5.09,'hjtA4dolx78hLZ4','0p6J38K14N1t783'),('189i50vw6Y4iA69','2019-04-21 06:19:38.000000',6.89,'6324cH2b515J4y2','q7ZZWTF469i49Sq'),('18P93RwB25x728e','2007-07-29 13:01:06.000000',19.36,'6324cH2b515J4y2','Mz4D6e0b3fr90M8'),('193B001lN10SksH','2001-03-07 21:19:54.000000',18.3,'h4CD7T0639549ZG','91e7wrq9V3R5jU5'),('199YM4fjF63K57G','2020-12-08 22:51:19.000000',2.27,'69eBvk30r9ww72r','151k503I4pZ6780'),('19O91V9Rr2J0q33','2016-10-16 04:01:10.000000',13.64,'Hl8xZMHTGbWd173','6f76phsYm9Wr361'),('19VQ166CWnvLi13','2006-08-23 07:08:07.000000',14.93,'2O24G0KU04A8K91','068P988Dl1B72Z5'),('1a020Y3V3I015k0','2007-05-25 08:47:50.000000',3.89,'44rRJ9k6ZH50241','182685jM96LRAkl'),('1ccsI1J47Sw7840','2009-11-23 13:17:43.000000',14.97,'YEJNzK6mXm1hc02','60A65g83M6H6o35'),('1e165QCy6CPb60M','2021-02-18 22:56:01.000000',3.77,'hjtA4dolx78hLZ4','Bnt7x2z9984L1iS'),('1EoVIWU46Ys3754','2014-03-01 02:24:15.000000',11.62,'67d5pfXNe636jXW','8RWT929vnN0d42m'),('1f0U73L5g950b8D','2018-05-16 22:26:45.000000',16.19,'8Y7h9fcJ65rDBj6','iPy6735dbKkivQv'),('1GWi2D044DyekL1','2009-06-16 11:15:06.000000',3.84,'l89Y44f6g32Fv94','AR2L586n86sC9R6'),('1h4202eNRn388i3','2015-08-29 01:18:48.000000',18.07,'3nF1IYW072Ru27W','K15041qFs296672'),('1I4HCNk9a3xc336','2021-08-25 21:00:53.000000',15.76,'52D56M10m75oSL6','g0z7396s478599S'),('1Ig2d7o5laK3iu1','2014-04-02 12:34:55.000000',18.03,'421u79reNysyj3W','U1l1i9ic83oYD8u'),('1J299GoYLDF5sxr','2010-04-13 02:08:16.000000',9.98,'9W1242RX07V212j','l8tQ50055hM6341'),('1JK7D1uB7Y4v82h','2008-05-29 04:01:30.000000',13.48,'i8kldNzf9n7jD72','O1H45788413yPx5'),('1JyON7MH25B5676','2003-11-25 17:14:23.000000',2.08,'G20R8KKt1843819','8y6824c51J0irL9'),('1njsg5A92H2316y','2005-07-22 12:28:28.000000',14.96,'8e161Xx14RCXXsb','tZ7FM18o7sIT005'),('1Oe342Q5043V7C5','2021-06-09 16:11:55.000000',4.22,'3193T6Q1233MS8V','Kq62uyH8GBhP7m6'),('1PIXV14W8bn4534','2003-06-24 14:19:37.000000',17.72,'dI607y634a00807','26Xw3pW424t5iC2'),('1qr3p53JwBPVrW1','2000-09-19 19:16:30.000000',9.88,'3193T6Q1233MS8V','2Lur082fG0dkK3z'),('1qYGZ7hF171qH6x','2003-05-31 21:21:47.000000',6.27,'e1004MN5TF7X47R','a6M028bsg0D3k4c'),('1S6N87K6Xp65888','2009-10-26 20:29:19.000000',7.81,'4m3905WDM86447a','1q7D75B20o8X2d6'),('1sh1Qf1k33vLSV4','2019-02-03 03:23:52.000000',13.73,'44rRJ9k6ZH50241','A558vyT8952p793'),('1t8Yv8q6MpQ8q1f','2009-10-03 02:30:54.000000',7.07,'i8kldNzf9n7jD72','90msi4tOI3uDa5T'),('1U5AhP44B91eXDN','2000-03-03 19:32:22.000000',16.29,'QAj0pxZJ28oF5O1','X6U9oSR0056N738'),('1UB9UHN61ZR3hxb','2021-01-20 14:54:54.000000',3.35,'Hl8xZMHTGbWd173','X3V55d1v285p2L6'),('1uL6spE54291F23','2000-03-19 19:24:44.000000',14.05,'1mv8ZN316KYs25W','r0423MnjOX1041K'),('1Vg68ir09949J03','2004-04-17 04:42:06.000000',10.45,'65k0mhD458sjjZq','60A65g83M6H6o35'),('1w6BNQ34b1rI4u3','2001-06-20 06:21:01.000000',7.05,'4D7WtneJBR4SOD6','C22WY4l2y8574s1'),('1WB6G7588T10686','2005-03-20 12:00:01.000000',7.03,'35Wt11kRtXt02CO','n818e538o30g9L6'),('1WW8527581vV028','2018-01-03 09:45:57.000000',10.79,'Q1t69Ov806uq91M','N18PJ5161tu299A'),('1xo839P5Z7r3q47','2000-05-02 12:57:52.000000',9.92,'vu9WRGaAx56T8bR','7r7DedDHgH27MM9'),('1y66D01Mo5xF5xF','2006-02-23 22:04:42.000000',14.77,'8e161Xx14RCXXsb','730D1O2atu5mwK2'),('1y7P2wnn9k1NNnl','2006-12-20 03:42:23.000000',12.03,'30pD52p911aBO5H','547R29biX75Q9Oh'),('1ye3T04Y71J73aJ','2003-05-23 01:04:39.000000',11,'WnM550o86rxQ5pD','dl1855c246Oh79A'),('1zk1086bSn9a1L9','2001-09-25 17:36:54.000000',10.18,'30pD52p911aBO5H','R9r728O8430B4m7'),('217YNA3O5N9K7d4','2017-05-09 17:12:16.000000',2.01,'Q1t69Ov806uq91M','Ux3cD39Z5563P47'),('2259o8cMh4Uf3X0','2006-02-03 12:13:14.000000',4.11,'vu9WRGaAx56T8bR','541S48366t7K7rh'),('22Ia695l6lRk2O9','2006-08-01 17:06:33.000000',3.87,'mm8Z4NBO99Bm06F','a2Q4s8f88wyK9zP'),('22q92z214W5G2Jw','2004-07-28 11:03:43.000000',12.69,'3nF1IYW072Ru27W','aeR1AWzLSaNW401'),('22zZn3Z3pLTC08x','2002-08-04 21:30:13.000000',12.48,'O0g20f915F42WPJ','Y70Ag037o1518DD'),('23W2hV0g2p793BA','2001-03-06 20:19:27.000000',4.48,'44rRJ9k6ZH50241','1248V11Ri748497'),('242r961w1MD4763','2021-12-19 02:44:57.000000',15.01,'52D56M10m75oSL6','0sn4dnl4KpJoL41'),('248I6e9hFmp5559','2018-09-20 18:25:35.000000',14.24,'2O24G0KU04A8K91','LI63pRNZ29f06E7'),('254563mSd6Re789','2016-02-08 01:12:06.000000',4.86,'Hl8xZMHTGbWd173','652fu622B4Y6p89'),('274Z812X1I2Ic08','2009-03-22 13:45:54.000000',14.27,'piw7N85Q54a92n9','0CKl51vRDZwL062'),('286O7Mw2xvib88J','2019-09-25 11:54:19.000000',10.76,'30pD52p911aBO5H','p16339Kar3RgNMb'),('28J5nVXm92kSc4L','2001-11-06 17:34:22.000000',6.99,'2O24G0KU04A8K91','56Eg98yIDha4PO0'),('29re50v8ymw8y80','2018-03-07 20:43:00.000000',10.6,'44rRJ9k6ZH50241','00L5y85lkoYnTij'),('2A5v1a366XE8268','2001-05-11 05:30:59.000000',19.12,'889nL80n25i00o5','LI63pRNZ29f06E7'),('2DDuGc5OgTM191m','2019-01-07 22:59:21.000000',11.71,'r19rz017v07tQ9k','9lJ914sz9G15plV'),('2ezJH9J86s30t1T','2000-12-22 16:35:41.000000',8.53,'WnM550o86rxQ5pD','NMt1O361Sh68427'),('2F4lHW4522Kmz8h','2000-10-24 06:45:34.000000',9.66,'O0g20f915F42WPJ','692AX59Zc229mC3'),('2H7FC6M2dNPuzF3','2005-12-21 00:40:49.000000',4.45,'67d5pfXNe636jXW','I861RA93Z4bXAv0'),('2K1g3mzW7H62lVy','2012-09-08 13:25:51.000000',14.01,'3c75y6F8bg3x223','t101JR4Oy073L0i'),('2K1LixrC4265l9X','2017-07-23 20:15:44.000000',18.68,'Rq4x9fi59R5qShp','91e7wrq9V3R5jU5'),('2lG631ZYH8112QN','2021-12-25 13:00:01.000000',15.04,'9W1242RX07V212j','G76a6Dzd0Z89890'),('2M357D076sXJs26','2004-02-04 17:28:49.000000',3.1,'h4CD7T0639549ZG','95X8W0Eh7Y61452'),('2N7Y5DT38LbXh03','2013-05-11 23:57:06.000000',17.15,'421u79reNysyj3W','delr306e614lP23'),('2P0dF50J85TTDj5','2001-12-04 12:38:58.000000',9.53,'3c75y6F8bg3x223','435aXpZOY907p1o'),('2P12N8260zpw977','2015-10-04 23:46:20.000000',4.57,'8e161Xx14RCXXsb','9I00p5icPX217W4'),('2p8h27V006G78C3','2015-02-12 01:32:05.000000',4.61,'At44156158l64vo','nr76P8R3zc5w8R6'),('2QLu981bxSFPhTw','2015-02-26 02:08:16.000000',10.69,'35Wt11kRtXt02CO','47B8C8n586NNj73'),('2R0F64xlD88w8h6','2021-06-10 10:37:35.000000',4.05,'V26lZ9H49z3i3u3','oO65q2dve6h2RGP'),('2r44N914YxNOj6Z','2012-02-15 11:45:24.000000',12.15,'piw7N85Q54a92n9','1y1kx66I75U3FoL'),('2R8526i5M99cc7n','2010-03-21 00:24:38.000000',3.49,'4m3905WDM86447a','9lJ914sz9G15plV'),('2SK16t9958k9547','2007-05-01 09:36:52.000000',3.67,'889nL80n25i00o5','Puof4Ee8481bmcQ'),('2SPHU28909X7rgh','2008-08-04 08:21:12.000000',15.63,'i8kldNzf9n7jD72','C5B1W126t3Mz751'),('2u93T5FtJJF57A4','2004-03-14 04:57:07.000000',6.61,'T1qP6r7s9Pfe53w','5538No94036NN66'),('2VfdC8p2Wjs52qV','2001-02-14 03:46:28.000000',2.53,'i8kldNzf9n7jD72','1nP186k46q2f9V3'),('2vqdU4Wd11d2GTP','2012-04-13 03:43:51.000000',19.87,'l89Y44f6g32Fv94','DbH9v445975o614'),('2w30368NMUXQc2x','2009-03-30 13:23:22.000000',8.34,'8f91m4CZ8Gxvjgt','VonWX2U4xEM5hFt'),('2wa8Vs368761B89','2006-10-09 13:56:44.000000',8.49,'At44156158l64vo','01L861568fg230t'),('2WcDaBc3JT265m3','2013-09-17 13:11:03.000000',11.9,'4m3905WDM86447a','12dl1I4MtbJBB54'),('2zN5ZKO568sHyN3','2016-02-11 12:44:25.000000',3.55,'1IM6eQZpA2J535c','10K29U22EPGL915'),('2Zw26rX52Z5H6s1','2014-09-01 09:31:28.000000',5.91,'3NT932n8q982Aoy','w43MAlu4H69H9a6'),('301j93H42ZIwk3v','2003-10-18 22:14:01.000000',11.66,'O0g20f915F42WPJ','SKJf0159scF1TLr'),('303Us7m3O062hlu','2015-01-11 09:19:16.000000',2.74,'Rq4x9fi59R5qShp','0d19Z89u645V7m6'),('30a614Q030i851D','2013-12-01 08:18:50.000000',2.67,'7m0v986L7dxrP3L','Z49622n7uR7928L'),('31000l314owH89T','2007-09-07 12:25:12.000000',13.51,'4Kx75734q2460R7','P15iL15yP496V13'),('31zeQ4bJ77X29Yq','2002-03-24 15:49:54.000000',9.33,'piw7N85Q54a92n9','5JD12eGsSM6R3s0'),('3200Qs1dYvW61y1','2018-04-07 01:36:00.000000',16.23,'1IM6eQZpA2J535c','pV3bI2w50l92SS9'),('326Yls5s992J02f','2015-05-07 07:47:52.000000',14.38,'6c1UkRa16708qB3','809t00W348P8vX0'),('329711VI1qb89g3','2007-11-11 00:08:07.000000',3.17,'IMY64AioW5p2H52','b210F98L0P10M5C'),('33AOh0RbeL0xe73','2013-06-11 08:53:01.000000',11.87,'0b3875851My679X','T35135f5R24jRMK'),('33vN5ByT6Uvg1xr','2004-02-03 13:34:45.000000',4.69,'8f91m4CZ8Gxvjgt','56Eg98yIDha4PO0'),('352nTX7AlB02fxl','2014-08-26 19:43:15.000000',6.68,'8f91m4CZ8Gxvjgt','9BO13c54YDE1GNT'),('35jSmQ44f0slyC8','2003-08-27 00:35:27.000000',18.1,'QAj0pxZJ28oF5O1','nf64Ug4x46twM99'),('35mw783I65U2xYe','2003-05-08 15:33:31.000000',18.11,'V26lZ9H49z3i3u3','328CW448082kv5T'),('35w106580K048JP','2002-04-17 22:14:03.000000',11.26,'3NT932n8q982Aoy','tUiAF8eY24468E0'),('36420097aX6T428','2007-09-02 17:38:38.000000',7.57,'G41ow47nE1Q0l80','8U2id61Bk371fxY'),('3764w8sGkg2im3w','2006-04-14 07:08:19.000000',12.46,'7m0v986L7dxrP3L','cj1TuLxeItUxw1G'),('37S19f48uypbG39','2012-08-09 06:52:56.000000',16.13,'87k3UNI3yaOG40a','e2GuLR15fF1f8Jw'),('37y9219A9kp6sD4','2006-12-05 01:39:04.000000',18.8,'Hl8xZMHTGbWd173','379H8c8qZf7P5I5'),('384sC2j9s4149w9','2015-11-20 03:14:42.000000',15.07,'0Y854pn0K04l28c','1SWiD9357FQjAUB'),('39129nK220265im','2002-11-25 00:23:21.000000',12.17,'6324cH2b515J4y2','01L861568fg230t'),('393PQXNV80LZ713','2015-08-12 10:09:42.000000',11.67,'69eBvk30r9ww72r','D0U9B12O7MMbf3d'),('39si9B70O5a791A','2001-03-24 08:52:59.000000',12.13,'QAj0pxZJ28oF5O1','1Vm3BY49004P16I'),('3a7d94r53XWZA14','2021-07-10 12:50:20.000000',19.16,'4A89hr8Z55R4O5v','I80ITX7RhDOV8BO'),('3bUZv50889WN112','2003-05-17 15:51:43.000000',7.83,'Rq4x9fi59R5qShp','C24ZvCB1By27108'),('3c228U2S7Yih2A6','2005-08-02 16:46:39.000000',7.69,'9dT0t2nBU9OmI6n','M482yk7w8kD0m5k'),('3E2YZNzGdA65x2w','2015-01-30 14:09:17.000000',6.7,'G20R8KKt1843819','17qO9zN918E90y2'),('3Gt53xJ2R4Ib782','2011-10-21 21:36:35.000000',9.17,'7m0v986L7dxrP3L','REJ5537vl4b03yA'),('3HY58xL6r9sN8U3','2016-09-07 10:14:30.000000',6.46,'421u79reNysyj3W','T35135f5R24jRMK'),('3i5diiWS7Z42B4x','2016-07-13 21:39:36.000000',16.82,'IlDIu9520zS9O69','83z5LSpGa97469f'),('3Ii09m79Qt382Vk','2006-03-17 03:09:26.000000',9.77,'67d5pfXNe636jXW','0uI96Jg349U9sxe'),('3J3NO8rMVt24765','2014-08-05 12:01:51.000000',10.81,'8Y7h9fcJ65rDBj6','186x7g1EaQFK3F1'),('3J3P09405638048','2020-08-31 05:09:36.000000',9.49,'hjtA4dolx78hLZ4','24e74634b28C97V'),('3NI7WQU3gI7b5m9','2020-03-03 00:21:49.000000',11.63,'69eBvk30r9ww72r','2Xp8O9FR5P7FcEU'),('3nUkVI80052VqhO','2010-09-20 04:07:34.000000',18.78,'52D56M10m75oSL6','I4PtJ49h349ouw4'),('3p0Z94T9a7l877d','2011-04-01 10:28:59.000000',10.6,'0Y854pn0K04l28c','ff84YtiV723U1c7'),('3P966FxQNS679Kr','2003-11-17 12:55:49.000000',3.3,'69eBvk30r9ww72r','990EzC43Zp7v4Fj'),('3Px3x128NP1j2bh','2008-01-18 15:53:01.000000',6.61,'G41ow47nE1Q0l80','6u73e55012p11aE'),('3q1k0z8Czs0ul9f','2008-07-09 23:33:26.000000',10.67,'35Wt11kRtXt02CO','m3k09L3xShsihY4'),('3q61UK43203TOfi','2019-01-10 00:55:53.000000',3.54,'07855cr60P8O3N9','ND5x2J9R8jS1Bq3'),('3qics45a8YK4sm2','2005-04-27 19:43:47.000000',17.57,'dI607y634a00807','h0yhEyT9a220879'),('3qQc088M07396PC','2021-06-09 16:00:45.000000',9.19,'e1004MN5TF7X47R','j4o4fm49S8Cs1ry'),('3r8861a9bd9k37D','2002-02-20 18:58:33.000000',6.79,'o459F50xSc832Y2','fPcy0ai520KF0jI'),('3rVp4rb1MS5384a','2018-09-28 00:24:07.000000',12.85,'4A89hr8Z55R4O5v','y1YEa1N07Tt0Y91'),('3T4cb7rg05e69PS','2000-08-09 13:44:17.000000',9.93,'7m0v986L7dxrP3L','r0423MnjOX1041K'),('3u0Nr90s20501p9','2016-05-27 13:07:48.000000',19.88,'YEJNzK6mXm1hc02','a2ncYCt3AJI5603'),('3W2A5Wl5wEaq8X0','2002-11-26 21:14:51.000000',17.91,'IMY64AioW5p2H52','5zCRYX8S07EW64f'),('3WddFU18s74yf88','2019-06-19 21:49:15.000000',18.71,'889nL80n25i00o5','72h3z8wGvef2nQ7'),('3X1ki240vM9xw96','2008-12-14 11:05:07.000000',13.48,'1IM6eQZpA2J535c','068P988Dl1B72Z5'),('3Y55Vb5019W390V','2006-02-16 06:50:17.000000',7.69,'20Yg190ZuN0SgWZ','6w3B92GU909E4Qk'),('403kYa7O4K385wd','2004-06-29 12:50:05.000000',15.15,'3NT932n8q982Aoy','7r7DedDHgH27MM9'),('40I95XUPgpLt822','2019-05-27 05:22:19.000000',7.72,'3nF1IYW072Ru27W','2v3Fk83H4WB1hCU'),('4112ib5xsLL9a5w','2007-05-16 18:10:30.000000',17.88,'TsN47gS04088kHS','224J87S8qn6DEEt'),('417fvxAzcIAseht','2018-10-08 10:46:42.000000',16.41,'1mv8ZN316KYs25W','fD6mrRo1714coW9'),('41Q13K4iJ5N23K5','2010-08-20 09:12:14.000000',8.36,'vu9WRGaAx56T8bR','4ApXcRAw177V134'),('41V26yQme034S1u','2014-07-27 02:44:45.000000',2.03,'YEJNzK6mXm1hc02','9y4lNF32c7e704L'),('426p425yyuW157j','2020-03-11 18:43:28.000000',12.63,'h4CD7T0639549ZG','303943o0O6Z6V6y'),('42G67mm95pmNRrU','2012-04-05 04:16:39.000000',16.59,'QAj0pxZJ28oF5O1','3n26L638h2vt3l5'),('42N3VbH63AO4172','2020-05-16 07:25:45.000000',17.31,'124XAyQ7xZ1433F','Rzb15685b9gS607'),('43r5nc80B81jeA7','2010-02-07 15:15:08.000000',14.69,'dI607y634a00807','34vO9659UI31uIk'),('43x37jV48mPLF3j','2012-12-20 09:40:51.000000',19.96,'G41ow47nE1Q0l80','Rzb15685b9gS607'),('43zju5V735zjZTX','2003-06-17 18:02:42.000000',16.01,'o459F50xSc832Y2','4953Y368Qek3kWk'),('449r0p8I22U3eFA','2015-08-12 02:10:31.000000',18.28,'Rq4x9fi59R5qShp','31b2PHVhnp179lq'),('44iN853263lTbkI','2012-12-21 14:23:47.000000',7.97,'Rq4x9fi59R5qShp','8up8M81xy18w5eB'),('452ux40Mms355z2','2021-03-22 16:09:56.000000',11.53,'o459F50xSc832Y2','e82uj0Mux48EQG0'),('45g8K34l0N0yuF7','2006-01-13 23:51:56.000000',14.06,'1mv8ZN316KYs25W','U847itHLt885IXp'),('461K9265773IsC5','2021-01-15 21:26:30.000000',7.71,'piw7N85Q54a92n9','nP3Qn0954xn4r0V'),('46mW260YJ4pUI63','2013-12-02 09:17:18.000000',11.28,'6c1UkRa16708qB3','rS0gK2YSHa53J59'),('47J1738tH47Dea0','2012-12-21 10:12:58.000000',2.72,'K7V15d1L7gp1B38','w43MAlu4H69H9a6'),('47lb6N5u0m38ugm','2011-04-18 17:44:23.000000',9.99,'Q1t69Ov806uq91M','9040C252278KeOV'),('47Zf69IK5D04y1j','2005-02-11 09:41:44.000000',9.1,'3nF1IYW072Ru27W','d4se35bX1NI8hfk'),('484rl5Mg60782We','2011-05-11 05:32:35.000000',15.37,'44rRJ9k6ZH50241','Pa6r3lA9n0Uyr05'),('486CH5Z3575G42z','2013-10-01 00:56:08.000000',10.22,'1mv8ZN316KYs25W','0jg5f2AEXVc4T72'),('48Hz8c05dn4yh53','2011-01-19 22:27:05.000000',13.85,'124XAyQ7xZ1433F','Q2v88ebV0Gnn39F'),('498wZvUcCvg4479','2014-04-30 05:48:38.000000',2.81,'699E5bnO42500J0','84QAkMSg54H4007'),('49m9685bv81t7A2','2019-07-02 00:52:12.000000',19.23,'87k3UNI3yaOG40a','7ydrL12w8m1z8w5'),('4B5F7Rl2515I0Lp','2009-12-15 04:41:26.000000',13.41,'8f91m4CZ8Gxvjgt','7l7toqT77COx6ju'),('4b7VFGIJAb809OF','2002-04-20 10:43:35.000000',3.13,'4m3905WDM86447a','Bnt7x2z9984L1iS'),('4BQojDB8zj09A2o','2009-02-15 21:42:54.000000',14.12,'39881hM0A0CH6xS','9l59OAzOPg9jM1P'),('4cbh2z8V2r5Tf92','2020-01-27 17:21:23.000000',19.79,'K7V15d1L7gp1B38','5ybWUj8kU6QJ096'),('4CS472yTQ99r72T','2018-04-09 20:26:00.000000',16.12,'0Y854pn0K04l28c','p6swRczhXGqwp02'),('4GrFs65Z0K70J7y','2018-08-16 14:47:54.000000',10.29,'07855cr60P8O3N9','7I3480UbC38on49'),('4H067IBv469nO45','2008-10-11 01:29:40.000000',6.37,'30pD52p911aBO5H','jAN1G2177M98O74'),('4H66E1IJ467n9U7','2008-07-15 19:58:23.000000',7.64,'4Kx75734q2460R7','9KwzH8vCF37195N'),('4H6uaqg8ogh0230','2018-05-05 02:50:06.000000',3.09,'dI607y634a00807','s5ROP7u7c8dK2z5'),('4K2707X7100487n','2005-03-19 23:18:44.000000',11.67,'4m3905WDM86447a','es3535ib1eY8il9'),('4lv5vI9hO8380E2','2009-10-23 23:24:45.000000',14.71,'hjtA4dolx78hLZ4','0A74E47x1qMCB5z'),('4M405a8OkS93S73','2006-05-08 05:18:55.000000',11.59,'07855cr60P8O3N9','3291And83sw1k80'),('4M7NI4Tb4sI2Qq5','2002-05-03 22:30:20.000000',12.23,'6843D2kDlBZhR9I','cuGDC5qZ13G4lm2'),('4PoU6Wu2NnNIf7Q','2004-10-24 07:21:19.000000',18.51,'699E5bnO42500J0','Ux3cD39Z5563P47'),('4Qae9hQ21P5bs2v','2018-11-24 14:24:28.000000',8.39,'3NT932n8q982Aoy','g9zB6FPc549Q1U2'),('4qD9bt32AHlG134','2005-10-20 16:43:42.000000',10.28,'1mv8ZN316KYs25W','3X9aI4915GyX3rN'),('4r4c5Z52e28519N','2002-05-10 03:42:28.000000',14.29,'44rRJ9k6ZH50241','m3k09L3xShsihY4'),('4srl2T1k6kOAvT3','2003-05-13 08:26:52.000000',16.03,'44rRJ9k6ZH50241','6vD76S9rF6LbXcz'),('4V0G64Uz5ZlF5Zm','2009-05-06 08:27:26.000000',9.51,'69eBvk30r9ww72r','91e7wrq9V3R5jU5'),('4v376vm4cFyCm24','2007-01-28 03:57:07.000000',13.3,'vu9WRGaAx56T8bR','U6f60vmHB61foz0'),('4w0w22W8raSmthp','2019-08-07 14:55:52.000000',16.56,'G20R8KKt1843819','7l7toqT77COx6ju'),('4W3I821M9JZbW21','2019-04-05 18:35:57.000000',16.3,'mm8Z4NBO99Bm06F','342wpFiR2049I25'),('4X411KSdQ3k28H2','2002-11-08 17:05:14.000000',3.28,'124XAyQ7xZ1433F','d6f171i5U10B3D8'),('4XFF1167UDv7BLj','2007-07-03 17:32:21.000000',18.59,'8f91m4CZ8Gxvjgt','7T9p2t0844GJ8h2'),('4ydCm0DUplu10Z9','2000-12-06 06:21:10.000000',9.21,'dI607y634a00807','yU1w9MEI5XUkg0Y'),('4z5Q23ND21C1795','2013-07-22 02:51:43.000000',7.9,'1mv8ZN316KYs25W','twZZC88o2C1krCP'),('507gEQ5cX9Xt67i','2013-02-14 04:44:11.000000',19.41,'Hl8xZMHTGbWd173','sx8TO97rU2a79Hh'),('5093SNiM5o7b0wv','2005-12-12 17:40:04.000000',12.42,'6843D2kDlBZhR9I','k6V9z5vV8Z7513J'),('50ejwBnwN0BUf58','2002-01-07 08:53:59.000000',16.33,'n714pqFx813vOU3','98C7wrf74jKUUsT'),('513f6cMZfg49DT8','2001-12-23 09:28:32.000000',8.46,'9dT0t2nBU9OmI6n','I6u5u9n305E0v69'),('51Q2D4DD3Y010K5','2019-03-14 17:45:59.000000',17.29,'o459F50xSc832Y2','5c40zUx6IjG69O5'),('528e5512i512i15','2013-06-13 13:08:28.000000',19.19,'r19rz017v07tQ9k','t2e995EB3TB1kYh'),('52u25QBYPPH20G3','2020-07-15 20:11:28.000000',10.44,'30pD52p911aBO5H','1Ku78eAUiO09538'),('53e877Yv6NOhm32','2013-03-10 08:58:22.000000',6.94,'6c1UkRa16708qB3','4szQ0cr3552t42w'),('53I576399S3H5Lm','2012-06-25 19:58:31.000000',13.59,'8285109gk7aE643','L049kXm61cdd761'),('53ip248q3xsa0WV','2017-10-14 10:15:08.000000',9.98,'TsN47gS04088kHS','u792503Q9PY1Pu0'),('54052P98ENG0xFH','2016-05-29 21:46:15.000000',2.88,'4A89hr8Z55R4O5v','kgV6J1g74750U5e'),('54303fT136LUdF3','2014-07-26 05:42:57.000000',10.27,'889nL80n25i00o5','yU1w9MEI5XUkg0Y'),('54392sH974l8w7k','2005-05-03 17:15:53.000000',3.34,'4A89hr8Z55R4O5v','k872iZFxoJJiv78'),('54k9j5Nf7TsJ67O','2000-02-05 04:17:22.000000',19.42,'3nF1IYW072Ru27W','hZu17y2nPm9N5F5'),('5576I4QC43F4IJn','2015-05-09 19:17:38.000000',15.53,'vu9WRGaAx56T8bR','H57p691Ui48wr16'),('5629Ii3nN3M1O62','2006-04-01 00:47:49.000000',18.57,'4m3905WDM86447a','Etw5qR9W2MP81F3'),('56faj442a6QEi0h','2012-09-10 23:08:02.000000',16.3,'At44156158l64vo','1p997173q44Q4iw'),('56G0ftqdCr7xp29','2003-01-11 16:54:47.000000',7.08,'20Yg190ZuN0SgWZ','I945V4on0Q4P8vB'),('56QYq5p1H4isK6J','2007-04-30 23:53:02.000000',4.65,'9dT0t2nBU9OmI6n','94Nn217te8vo8tU'),('570zdR2kvpe64nw','2004-03-07 20:46:36.000000',10.95,'3nF1IYW072Ru27W','U6f60vmHB61foz0'),('5776t6b0fzGSkOx','2010-10-28 12:40:15.000000',4.51,'8e161Xx14RCXXsb','P65G7kavY5G71B9'),('582710L7Y661X4j','2011-11-08 10:19:56.000000',3.17,'H5PcLEj59451C93','g489t2ovl58WN80'),('5844Q44YK27e2hb','2009-02-05 10:42:10.000000',5.79,'l89Y44f6g32Fv94','G1jsyBQr21574D3'),('595ibt89wwyGw1z','2002-05-13 13:03:36.000000',17.23,'4Kx75734q2460R7','sgCU15uRNcu8CI2'),('5d1yXk1v7334031','2009-12-01 06:32:42.000000',11.53,'V26lZ9H49z3i3u3','4lS53B9hODrXkYy'),('5eN242ttWML8FY9','2000-02-24 07:44:21.000000',11.44,'l89Y44f6g32Fv94','727Z4Z80h31O0qe'),('5f448hSD00AJ96I','2003-06-22 21:11:32.000000',6.32,'699E5bnO42500J0','b303Qtj5T89uB61'),('5F4Lkgt3u0T9uc0','2001-12-18 01:29:25.000000',15.82,'87k3UNI3yaOG40a','10K29U22EPGL915'),('5f9I2K7v121vgZ8','2000-05-17 09:44:17.000000',5.11,'421u79reNysyj3W','b30981c748tjuOX'),('5feT5fpmVQs7A66','2016-11-15 04:12:34.000000',15.32,'0Y854pn0K04l28c','Z0Q40FFL1315X9x'),('5fs6726h7i3W00P','2009-12-30 21:01:47.000000',10.08,'6843D2kDlBZhR9I','49w80ST3015F74b'),('5HzEv2GuiWx9r50','2021-02-04 14:06:16.000000',19.18,'r19rz017v07tQ9k','KC3V9G0X0mGM475'),('5I916eAEt9c7382','2014-01-02 11:58:51.000000',10.1,'G20R8KKt1843819','394709w35uahu22'),('5J705CuDnlSQR3y','2004-06-05 17:54:09.000000',15.38,'WnM550o86rxQ5pD','eiC861scU4t8Jcv'),('5k1006YmR67lLmI','2009-05-28 09:26:48.000000',7.08,'1mv8ZN316KYs25W','qiIE4z7x2Ju4l9L'),('5K3aZWJQBt78M00','2021-05-30 11:08:29.000000',6.48,'YEJNzK6mXm1hc02','q62A401e4RTJRq8'),('5lq89673f4kS7o4','2020-02-04 16:17:41.000000',7.63,'2O24G0KU04A8K91','N18PJ5161tu299A'),('5mV2794EP1O01X1','2010-03-05 11:32:17.000000',8.81,'piw7N85Q54a92n9','e93jQHGqd74Ga42'),('5qQ5Kcf7p461jCu','2016-01-05 15:09:37.000000',13.93,'G41ow47nE1Q0l80','ff84YtiV723U1c7'),('5r5507zh154arl3','2004-06-13 00:52:33.000000',7.94,'4D7WtneJBR4SOD6','q0xZ655k3lT8r2p'),('5T0088eT6ALShp1','2016-07-13 05:44:35.000000',17.54,'8f91m4CZ8Gxvjgt','7r7DedDHgH27MM9'),('5t232FLUIjHBa9q','2016-12-13 03:48:27.000000',3.22,'6324cH2b515J4y2','4lS53B9hODrXkYy'),('5twFI03hXaGjVjk','2006-10-23 16:23:39.000000',16.68,'0Y854pn0K04l28c','f9fP1l1f85Lo69Z'),('5uL981758hUqP99','2010-08-05 15:44:03.000000',2.6,'8e161Xx14RCXXsb','33Ym8818YlL8asS'),('5v88X0G6wT7Cu6c','2010-04-21 19:47:20.000000',19.88,'Rq4x9fi59R5qShp','69misxYV1AovEI4'),('5x76ELR163Ta3u1','2018-03-03 22:40:22.000000',11.94,'Y198Rwb719C3XyS','3C6g125374Z0d80'),('5yc7cNLhWSdqfRB','2020-01-04 08:42:46.000000',2.04,'30pD52p911aBO5H','Dy6eG0630F2e1KQ'),('5yohu0q79bceSIC','2006-03-18 19:33:40.000000',7.83,'44rRJ9k6ZH50241','c4j0o2A2qR5ALQ9'),('5Z0aM154A0WP5P9','2012-07-03 03:37:44.000000',19.95,'8f91m4CZ8Gxvjgt','AR2L586n86sC9R6'),('6004u6462308ST7','2012-02-18 21:54:26.000000',6.51,'9W1242RX07V212j','98C7wrf74jKUUsT'),('609t6W0uN467uN9','2009-11-18 15:26:45.000000',7.14,'69eBvk30r9ww72r','62L972j1N06YVgA'),('60bqomx68C50A50','2012-02-23 01:03:44.000000',8.37,'938v482k92Ry3sJ','5c40zUx6IjG69O5'),('60O36Ra9W00wuP8','2010-06-05 14:10:31.000000',4.02,'dI607y634a00807','d772Hh9q4274aF5'),('60r3O3KzR46N1dz','2003-05-08 09:47:18.000000',15.38,'1IM6eQZpA2J535c','lo7a0Y3K7Y43S9S'),('61Q1p46268KPwz9','2013-10-15 23:43:56.000000',13.04,'6c1UkRa16708qB3','53iI7197932e4pJ'),('625u7r957P45YL5','2021-10-05 07:56:36.000000',10.69,'4A89hr8Z55R4O5v','71p9DOLu020Q8Rv'),('62I4QZhLV866zTf','2006-03-27 18:27:00.000000',15.12,'H5PcLEj59451C93','3DasxZ6dwp6551z'),('633V70TdI67df47','2014-10-16 21:37:04.000000',14.5,'r19rz017v07tQ9k','6245SP4fE36MywA'),('637wtsd5270b9D4','2014-09-17 09:58:18.000000',4.77,'4D7WtneJBR4SOD6','3r6729J7898d1OY'),('638o21357gW00xQ','2020-07-20 14:19:31.000000',3.66,'H5PcLEj59451C93','8T2K0h32k8fP021'),('63E7S9B17S32OP4','2005-06-29 07:50:16.000000',16.03,'K7V15d1L7gp1B38','62D87iA93668c6k'),('64251n5L453LXMx','2014-12-22 12:00:47.000000',7.21,'6843D2kDlBZhR9I','fp12GvWo10S18S9'),('6450ft50PG69236','2012-07-12 08:07:57.000000',6.7,'8e161Xx14RCXXsb','sx8TO97rU2a79Hh'),('64G86g848Hz8SZ4','2019-08-09 17:49:33.000000',10.79,'421u79reNysyj3W','1QcoZUCmSf8i29I'),('64Tn797lXb09Yl6','2001-04-03 06:29:45.000000',8.95,'Rq4x9fi59R5qShp','99Sjk3Zr0U46gm7'),('6609S3P5YZ985P5','2005-01-14 23:11:33.000000',9.33,'8f91m4CZ8Gxvjgt','eQlf8Kl304LbE4T'),('66G1W7O56796y5l','2001-03-27 15:03:35.000000',3.73,'1IM6eQZpA2J535c','M7iS791rGud221x'),('671EMnE6373G58n','2020-07-27 23:05:09.000000',11.99,'At44156158l64vo','88k5Vf9lr9wmp06'),('674Fn10h6Vlol14','2008-01-17 00:45:52.000000',18.94,'07855cr60P8O3N9','tUiAF8eY24468E0'),('675ixKm0w0s4E17','2003-01-11 06:33:54.000000',16.53,'h4CD7T0639549ZG','G57bhI8L37T1O2e'),('6777u02F2II0B85','2010-11-04 22:13:19.000000',16.13,'TsN47gS04088kHS','LT96164e3778d59'),('677nOr0y5233O47','2006-04-04 05:34:21.000000',19.71,'699E5bnO42500J0','0i1DDV0x99woIFr'),('67ib9762Pjx75m6','2010-08-22 18:57:32.000000',7.16,'124XAyQ7xZ1433F','EGh34Wf76411q2U'),('681H71wgxyo71si','2019-10-03 20:53:58.000000',19.93,'3193T6Q1233MS8V','6LvUw9D44QI09BN'),('68G334d0K5g1441','2010-05-14 09:23:39.000000',11.7,'hjtA4dolx78hLZ4','2Vn0114U3GT60V1'),('69310B6006m9C42','2016-04-23 00:49:03.000000',11.93,'G20R8KKt1843819','2y1zR9658pfs242'),('6989z40O38e97r0','2004-05-14 21:03:04.000000',6.62,'9dT0t2nBU9OmI6n','z25o87516959q3c'),('698YFS7g2Ytql06','2002-10-06 15:19:11.000000',12.8,'O0g20f915F42WPJ','P77NCp0946141PH'),('69904ZF3Mv60MlP','2019-10-14 06:18:59.000000',19.43,'20Yg190ZuN0SgWZ','U11YtTlZo78gKdj'),('69q2qu0LWIak03i','2006-05-07 12:13:14.000000',15.71,'3NT932n8q982Aoy','429305DXHpr1x2T'),('69Z2EO7tg5sby31','2010-07-31 01:54:14.000000',16.53,'0Y854pn0K04l28c','75d4V7j72AY8Y9b'),('6a72FJqQgmZK1Jk','2008-04-13 18:29:38.000000',12.1,'65k0mhD458sjjZq','Dy6eG0630F2e1KQ'),('6aN1i5sI1U8Z15t','2020-01-14 13:31:56.000000',8.99,'G20R8KKt1843819','9u612kugo88C2G7'),('6cw67945Ec993K6','2007-12-27 21:24:07.000000',17.43,'07855cr60P8O3N9','3B1YEAd097AF2ri'),('6Ddj3pTI83gl117','2005-12-06 08:08:27.000000',12.84,'421u79reNysyj3W','O5N9s2TM0wje94D'),('6dk46JkrvN3W1tv','2000-06-06 20:35:52.000000',12.21,'4m3905WDM86447a','49w80ST3015F74b'),('6E3433l56B650a9','2013-06-03 08:05:55.000000',4.29,'69eBvk30r9ww72r','08k292ki4172Is7'),('6E5El7UG3d592PR','2014-12-09 15:56:49.000000',14.24,'H5PcLEj59451C93','w5HW28p7eW33147'),('6ES4jrN7t9VWdM9','2013-10-16 17:16:56.000000',11.78,'K7V15d1L7gp1B38','3izD785Gf2e563S'),('6Ey90124gnv7sJ7','2019-09-26 19:53:34.000000',17.27,'YEJNzK6mXm1hc02','Ua78wq324Jbfd8T'),('6h00l5pwn10772x','2008-01-20 15:25:13.000000',14.02,'889nL80n25i00o5','224J87S8qn6DEEt'),('6I7jW99tQ198S9F','2013-01-01 19:39:32.000000',13.59,'3193T6Q1233MS8V','725d925bk302V5E'),('6id0k1zUY1dj24z','2007-01-05 07:34:18.000000',15.51,'IlDIu9520zS9O69','7ydrL12w8m1z8w5'),('6IkGV5J3N80L9MA','2016-06-13 18:50:57.000000',2.2,'Q1t69Ov806uq91M','A9eIz1oZ0K52V41'),('6iljhsv60C86n77','2012-12-11 08:24:57.000000',9.97,'20Yg190ZuN0SgWZ','83z5LSpGa97469f'),('6J029PMxhJSP89v','2012-11-07 22:29:22.000000',15.78,'O0g20f915F42WPJ','k6V9z5vV8Z7513J'),('6J7KY52i7erC418','2004-11-08 23:56:46.000000',11.55,'H5PcLEj59451C93','C6804hM835477ir'),('6Je0D53FH8L9750','2006-07-19 14:36:55.000000',5.99,'20Yg190ZuN0SgWZ','V74q124siHAJ3Iv'),('6jNt4Mg0MQ6HI1Y','2015-10-01 04:23:45.000000',18.93,'8285109gk7aE643','990EzC43Zp7v4Fj'),('6L5X4B2Moaq72Z6','2016-03-01 23:24:01.000000',2.16,'8e161Xx14RCXXsb','lZWbI1336OG0R76'),('6o77Lgf91o06hf7','2011-06-10 02:31:52.000000',12.37,'h4CD7T0639549ZG','3qQ22uG1579635Q'),('6oO9p41vXSb0WJ2','2006-07-30 12:10:42.000000',13.92,'h4CD7T0639549ZG','qiIE4z7x2Ju4l9L'),('6P34BtO8j2J144l','2009-10-31 13:31:15.000000',10.46,'WnM550o86rxQ5pD','st4831x152K9178'),('6rR1606984q2i47','2017-06-06 23:15:30.000000',4.31,'8285109gk7aE643','5Q2aP9KRHlP6162'),('6T5ImA67n000165','2014-01-29 22:10:56.000000',19.05,'Rq4x9fi59R5qShp','bH33M198y8L0j2P'),('6t61M05ufuV2Z97','2016-07-07 05:46:06.000000',16.41,'2O24G0KU04A8K91','p03C6uA5V43KIaE'),('6tL0881ppB5O7FV','2019-08-14 23:23:36.000000',11.52,'69eBvk30r9ww72r','v3014q5j3dCj99O'),('6TmP9u3t18qh52u','2017-06-06 08:23:21.000000',12.33,'IMY64AioW5p2H52','u94420BN2O4Vbs9'),('6TtcW6N0uq9MF06','2017-08-17 00:02:01.000000',9.32,'Q1t69Ov806uq91M','342wpFiR2049I25'),('6vZ0VpK978vvROQ','2013-06-25 23:00:34.000000',12.5,'h4CD7T0639549ZG','H3r2m9jr2CY71CT'),('6Z0P29iS0073566','2013-08-08 07:32:05.000000',6.53,'07855cr60P8O3N9','i34b7Tg007Vh1A2'),('6Z5592V03207g5f','2020-07-21 09:28:34.000000',14.71,'7m0v986L7dxrP3L','119044o311525dr'),('6z66S1K35bN19Rv','2005-07-12 07:18:26.000000',10.18,'1mv8ZN316KYs25W','2Y40a981M0l2qKH'),('709R55RbN504DZ4','2014-05-30 14:49:20.000000',13.09,'O0g20f915F42WPJ','T24b4cY43NP4h0P'),('70v42qv663PcVs6','2014-06-06 20:50:31.000000',5.54,'G41ow47nE1Q0l80','3e62qR8p2ib968X'),('7192Q9uC77p3U94','2000-01-05 10:54:49.000000',2.48,'421u79reNysyj3W','MJc372Y7c5735kP'),('71RHW5UjJ06U08m','2009-11-01 05:18:28.000000',4.56,'52D56M10m75oSL6','SYG4398Etbj4IV7'),('733Tt42IUR349Oa','2000-09-15 05:04:03.000000',16.54,'1mv8ZN316KYs25W','b62gb3O3252941S'),('736234IN2y9gTO9','2004-02-08 16:31:30.000000',18.67,'421u79reNysyj3W','eo4Xa6jQ033i16d'),('7453T582a1Y4gBG','2002-05-04 16:18:57.000000',6.72,'IlDIu9520zS9O69','W2Xnj3Zel1Q1Uu3'),('749dRWfK587103s','2013-01-09 19:34:27.000000',9.42,'hjtA4dolx78hLZ4','03676I89b45ks8O'),('75104Z85Fx1m0Mv','2004-04-09 17:01:34.000000',17.83,'IlDIu9520zS9O69','z28904Eom9n6v67'),('75B50YItTU921y6','2014-01-01 01:41:47.000000',15.57,'Rq4x9fi59R5qShp','4lS53B9hODrXkYy'),('76090oFb27lUZ11','2000-12-17 12:49:08.000000',10.68,'piw7N85Q54a92n9','Rzb15685b9gS607'),('764H54S4n99jO7n','2001-02-18 13:12:01.000000',17.81,'65k0mhD458sjjZq','P0p2Pp8c4l706CU'),('767Mc5566S1Mr0s','2006-09-22 06:12:07.000000',16.98,'H5PcLEj59451C93','2c3B4Ly5Fk85z9b'),('76Idk403x55B8sZ','2017-05-24 16:56:35.000000',13.73,'Hl8xZMHTGbWd173','4M1K3119GgbJQ4X'),('773SvRAI156UhIy','2005-08-26 18:58:15.000000',10.54,'3NT932n8q982Aoy','1Ku78eAUiO09538'),('77t641z0p1npcc2','2014-09-01 00:58:02.000000',8.05,'4A89hr8Z55R4O5v','93rYJp528n0y82o'),('78xC5N1nyS6408c','2012-11-25 03:54:45.000000',16.83,'3193T6Q1233MS8V','U7kj0848u62E072'),('79bYE4HJB62Wai3','2021-08-04 00:45:57.000000',10.28,'vu9WRGaAx56T8bR','3g8680176A278tZ'),('79C0DHg1eE13K95','2003-07-18 10:08:44.000000',8.69,'G41ow47nE1Q0l80','iy757fS08B2i6eD'),('7aY0SO3K3A43645','2004-10-10 11:14:52.000000',19.45,'35Wt11kRtXt02CO','119044o311525dr'),('7Ay8B47UBO0X3Vf','2010-09-24 07:26:58.000000',10.39,'3NT932n8q982Aoy','86gLh9K18lR8jm1'),('7b0Qhk41m12pXb1','2005-06-13 01:29:58.000000',8.92,'Rq4x9fi59R5qShp','bVkPQ4pNa3RTlD0'),('7b97rO6f9p2r015','2001-05-16 20:39:19.000000',5.95,'87k3UNI3yaOG40a','186x7g1EaQFK3F1'),('7dSODw6Vt1Ok789','2005-04-27 13:18:29.000000',17.54,'39881hM0A0CH6xS','q62A401e4RTJRq8'),('7EII709l7Ec7aH4','2000-02-20 00:11:26.000000',10,'421u79reNysyj3W','z7a0773FCDcIr9i'),('7f00J5Mk49Q6pc0','2020-07-18 01:39:54.000000',19.63,'8f91m4CZ8Gxvjgt','W4e457o11x5898j'),('7F2An3uDwSG794K','2014-06-17 04:35:44.000000',10.61,'39881hM0A0CH6xS','Ma4Kg104e7L37B0'),('7f9yVd7CA419T2R','2020-01-06 03:39:50.000000',15.64,'3nF1IYW072Ru27W','vW56qj5s8po6ttl'),('7G1632174L69pvt','2002-11-17 13:21:57.000000',19.8,'G41ow47nE1Q0l80','C22WY4l2y8574s1'),('7H8ATQog5bL3703','2010-12-17 01:07:01.000000',5.68,'8e161Xx14RCXXsb','7IT59c9P7gY6EEt'),('7hAoRyUxEvW09i9','2021-07-27 04:01:48.000000',10.74,'6c1UkRa16708qB3','D7f2hZcmev5tT8t'),('7HX966C3A5z3Xp7','2004-05-09 21:40:57.000000',16.2,'l89Y44f6g32Fv94','n36Kta137JSkE7H'),('7k6e17lBGQv5d0Q','2002-08-22 00:34:09.000000',19.85,'35Wt11kRtXt02CO','tn304VyH72B7uRp'),('7k75d68Q4j2yv24','2003-07-25 00:24:00.000000',5.41,'Y198Rwb719C3XyS','a2Q4s8f88wyK9zP'),('7Kr4EgK611272M0','2008-06-24 11:24:59.000000',12.58,'87k3UNI3yaOG40a','7e60528F893Gemi'),('7l20ogl6bj022vE','2000-09-02 07:54:07.000000',6.92,'K7V15d1L7gp1B38','7k07hXH0Z861V3F'),('7Ln8t9Y1xten9j0','2002-07-12 20:12:15.000000',9.85,'4A89hr8Z55R4O5v','52uTozX39NjdA88'),('7m0W62g55If6929','2021-11-23 21:50:39.000000',11.59,'T1qP6r7s9Pfe53w','a2ncYCt3AJI5603'),('7Mmk922eW4f9XUf','2000-12-06 09:41:11.000000',2.76,'67d5pfXNe636jXW','Gg8y4C03TZyD4Yy'),('7n9FmgzL32rTpB7','2000-03-28 15:16:09.000000',8.84,'69eBvk30r9ww72r','z3W3VF252li4O10'),('7ObAu6bHLv9iqHW','2008-06-02 05:46:15.000000',13.44,'mm8Z4NBO99Bm06F','qBF18V099lM4g27'),('7qnM4WnYtNB4412','2001-02-08 01:48:44.000000',16.53,'8285109gk7aE643','I6u5u9n305E0v69'),('7S5qJ66keJUd2n8','2015-09-07 13:57:07.000000',7.49,'3c75y6F8bg3x223','M482yk7w8kD0m5k'),('7s760mVCy7snpbG','2019-07-14 11:29:29.000000',14.79,'6c1UkRa16708qB3','7IT59c9P7gY6EEt'),('7V687i6G39StV6X','2008-06-08 04:37:42.000000',18.24,'3193T6Q1233MS8V','692AX59Zc229mC3'),('7X0j7o4ZdEY4019','2009-10-19 09:55:09.000000',2.36,'hjtA4dolx78hLZ4','QLV8mDh790967L2'),('7z463132P895504','2018-12-28 05:39:35.000000',12.53,'2O24G0KU04A8K91','1Pan41kmg36u248'),('7z914FKr8f7d70w','2015-01-10 00:05:33.000000',13.31,'l89Y44f6g32Fv94','u4jYP20Df004E56'),('7Z99f774H229V25','2017-04-23 02:11:51.000000',18.04,'o459F50xSc832Y2','y90614QB7ae76M1'),('802LS4l7e0Wa602','2004-07-09 14:02:51.000000',16.62,'IMY64AioW5p2H52','iPy6735dbKkivQv'),('808ilR680HZog1L','2020-07-09 18:21:38.000000',13.12,'1mv8ZN316KYs25W','y9n97892RR9e91Z'),('80lV0og9O29d5O3','2016-12-17 18:37:25.000000',9.63,'e1004MN5TF7X47R','dp5n4N7Tr609i2Z'),('80V56zB27rjCB6R','2011-01-01 01:44:20.000000',5.61,'8e161Xx14RCXXsb','i3I39nc51798T7c'),('81FGn1bGL5LEPXw','2012-04-21 15:31:59.000000',5.08,'At44156158l64vo','0jg5f2AEXVc4T72'),('81Gy3y707U1h46g','2021-05-11 22:05:21.000000',9.82,'30pD52p911aBO5H','X43435017mdHYn5'),('828w6d4eA23q657','2011-11-25 15:34:01.000000',6.32,'6843D2kDlBZhR9I','L3H26rb37D85WqB'),('834hW8L62v76U4R','2019-10-26 01:54:22.000000',13.26,'67d5pfXNe636jXW','8A6HR8Th2fW7NpQ'),('834y209QKT1ix66','2018-02-23 16:55:12.000000',8.3,'3193T6Q1233MS8V','o2HR79UIW3DcI3v'),('83Z9354t5Hx34Qw','2001-02-24 10:34:19.000000',6.29,'WnM550o86rxQ5pD','8Y575rB613i588s'),('84497w96Z889n84','2019-12-17 06:48:40.000000',18.14,'piw7N85Q54a92n9','H0Dv3773n0k08N6'),('847KA3F7m95O1F4','2018-12-08 13:54:47.000000',18.98,'699E5bnO42500J0','5JD12eGsSM6R3s0'),('84k0rA286o59r8e','2002-04-07 10:15:31.000000',10.73,'e1004MN5TF7X47R','4AmAh2b092O11U6'),('84vK14XmS1xZ12t','2016-05-24 06:51:50.000000',2.16,'1mv8ZN316KYs25W','yU1w9MEI5XUkg0Y'),('8503413Tc88C4ee','2001-12-23 04:39:28.000000',8.73,'889nL80n25i00o5','es3535ib1eY8il9'),('851s843m2qrw1xF','2011-02-22 04:22:48.000000',10.51,'0b3875851My679X','9J47Qs76l410OcH'),('854whKX2o518g62','2014-06-21 10:10:15.000000',19.1,'l89Y44f6g32Fv94','53q654SM9Q4rsia'),('858l148819F4d78','2008-07-01 23:12:32.000000',14.23,'n714pqFx813vOU3','63l09MG18wLZ273'),('87B58O75YV25461','2000-08-22 18:18:51.000000',8.08,'IlDIu9520zS9O69','72C4Rt2PE5223Di'),('8800Pm3Q59M3057','2021-12-20 08:21:10.000000',6.92,'V26lZ9H49z3i3u3','Q5l2Wd0008k73DI'),('8826n46Dw7Bsk5R','2011-07-17 20:03:39.000000',7.63,'G20R8KKt1843819','9X63Vyhz2w2009K'),('89Dd1ACWF262W03','2004-01-27 12:16:48.000000',8.18,'1IM6eQZpA2J535c','25Uij9FG0MNl5b4'),('89e0a9nP7aB8KJ3','2001-11-03 05:30:21.000000',2.33,'IlDIu9520zS9O69','2NE7ta1XO61erv6'),('89Nv670e4OK2RUT','2019-02-04 19:43:59.000000',18.97,'67d5pfXNe636jXW','6f76phsYm9Wr361'),('8a68x6taW9Zt4He','2000-05-27 04:56:39.000000',4.83,'3c75y6F8bg3x223','0i1DDV0x99woIFr'),('8AQf5P4aVOs827j','2005-08-04 07:21:23.000000',3.26,'8e161Xx14RCXXsb','l8tQ50055hM6341'),('8bkR5B77wRX5s77','2009-11-23 07:22:48.000000',5.89,'6843D2kDlBZhR9I','y7Vjdj50kT589J7'),('8D1i0viADv502x7','2013-07-23 14:01:06.000000',9.96,'4D7WtneJBR4SOD6','98Cgnu7D6me84G1'),('8dc06RMp663T8YS','2013-12-19 14:18:36.000000',18.13,'87k3UNI3yaOG40a','bE8dsP8Q32NRjZ0'),('8dg0AC3Z83h25k7','2016-03-17 19:31:12.000000',6.14,'3193T6Q1233MS8V','eiC861scU4t8Jcv'),('8epe82u7mOc59E6','2007-11-14 14:04:48.000000',15.42,'889nL80n25i00o5','wKVbS02q725Q4c5'),('8GzdLZHH291Lqe3','2019-03-12 14:58:00.000000',15.9,'7m0v986L7dxrP3L','5zCRYX8S07EW64f'),('8iWIl1j0oln69cA','2016-01-23 18:28:47.000000',3.89,'889nL80n25i00o5','O5N9s2TM0wje94D'),('8j6yJE2zE8NXUOl','2014-09-10 03:15:55.000000',12.93,'30pD52p911aBO5H','971JJ9Jf522Bcf5'),('8KGXDLL0S26Kll5','2021-08-11 11:23:04.000000',18.3,'699E5bnO42500J0','s652gi4D2Fz2me8'),('8lQdtP5g80O37j0','2020-02-01 22:01:40.000000',18.61,'1IM6eQZpA2J535c','47oOOL06g1R0vG5'),('8LYK7f5977MRH23','2005-03-28 09:21:41.000000',19.53,'1IM6eQZpA2J535c','921K8yHmuDeO64X'),('8M5g952MDf7y7h4','2008-09-01 00:41:30.000000',17.19,'3nF1IYW072Ru27W','8KiZIUL40M5Y49i'),('8mc15S0VZQAZD17','2000-10-10 01:52:48.000000',11.97,'2O24G0KU04A8K91','9lJ914sz9G15plV'),('8n1C8oE7s8577V0','2000-03-03 09:19:07.000000',14.35,'V26lZ9H49z3i3u3','xd8j4QPf4bI03D8'),('8OZ02MH54d07346','2009-10-08 13:57:34.000000',3.89,'WnM550o86rxQ5pD','Ma4Kg104e7L37B0'),('8p6OZEb22B3KX39','2018-07-07 15:54:39.000000',8.14,'8f91m4CZ8Gxvjgt','C5B1W126t3Mz751'),('8q42m79pX87n99X','2013-03-02 17:31:46.000000',8.14,'8285109gk7aE643','UfG85U7375Rc089'),('8q9cMHR6L580M44','2019-05-15 20:56:23.000000',11.79,'30pD52p911aBO5H','tV9fTB8rL68l399'),('8Q9Cz9Cg524c6vF','2018-11-15 07:54:25.000000',4.59,'3nF1IYW072Ru27W','wYp260T085Ew3f0'),('8S55PLJ21JY73Ea','2002-03-28 13:50:02.000000',2.95,'e1004MN5TF7X47R','9KwzH8vCF37195N'),('8t166f11TPe11M4','2002-09-13 05:10:11.000000',19.28,'8285109gk7aE643','2v3Fk83H4WB1hCU'),('8U6368Y1Xcd8xcU','2008-01-07 05:37:15.000000',2.79,'YEJNzK6mXm1hc02','Bh530427l644O8s'),('8V204618N1356Al','2000-04-18 07:54:59.000000',3.18,'O0g20f915F42WPJ','583841Kb50a5S35'),('8V3I1p5b82X157O','2011-08-28 14:19:12.000000',13.78,'piw7N85Q54a92n9','F28VE2d2ae514B4'),('8V4OSE1w9fslKVu','2003-01-29 18:42:45.000000',5.16,'938v482k92Ry3sJ','s8G5s469645UxlB'),('8z4G6x53Y6rf398','2013-10-05 15:57:38.000000',6.68,'889nL80n25i00o5','Pj87G16TL27141C'),('902S11r8Z0V3i52','2002-08-15 14:46:19.000000',18.25,'35Wt11kRtXt02CO','03676I89b45ks8O'),('90CVc4fy5Y7U1FV','2007-07-10 19:15:15.000000',6.86,'07855cr60P8O3N9','kykY082Jzo8c230'),('90eC5LkhC00aVhb','2021-12-01 22:27:05.000000',13.38,'6324cH2b515J4y2','607272JI8Q3GYtD'),('90tf049w2j0czfL','2018-01-25 01:29:48.000000',2.2,'67d5pfXNe636jXW','08JC1GC0CZ66TI2'),('92p3cPy1q8547E2','2017-04-07 03:29:56.000000',7.3,'0Y854pn0K04l28c','p6swRczhXGqwp02'),('92UVJ4H6J7HK21R','2005-07-21 07:25:13.000000',3.98,'20Yg190ZuN0SgWZ','6F6n6569T25tF94'),('92XL7s055E30TAl','2020-07-17 11:38:01.000000',2.07,'6c1UkRa16708qB3','S480z0I6U4MkJG9'),('930155248lS89C8','2010-08-26 12:41:30.000000',4.73,'4A89hr8Z55R4O5v','H21uabVw8616XZ8'),('9373z3QV988z5d5','2014-05-11 17:45:08.000000',18.19,'8Y7h9fcJ65rDBj6','76e8510O4v3CN54'),('93Ns806889z5VKS','2007-09-18 09:40:59.000000',9.51,'938v482k92Ry3sJ','r3hfjG9xP3233B0'),('9450D105D0S22d6','2008-08-17 13:40:05.000000',8.89,'30pD52p911aBO5H','S7586Th29YjW2u3'),('94868e3k31DF67k','2016-05-12 01:36:58.000000',17.2,'421u79reNysyj3W','Bnt7x2z9984L1iS'),('953A553136oT9l0','2014-03-02 23:56:18.000000',6.42,'4Kx75734q2460R7','5JD12eGsSM6R3s0'),('95LV1o1mhex1e5P','2000-09-01 03:34:44.000000',17.21,'Q1t69Ov806uq91M','L7H7iV180793UH5'),('95N301P5ys9fbha','2002-08-30 18:53:54.000000',9.6,'piw7N85Q54a92n9','5Q2aP9KRHlP6162'),('96B5J1p6133518C','2002-07-21 00:20:05.000000',13.9,'8e161Xx14RCXXsb','32BD047S0x9972u'),('96JvOYI2N626u28','2018-07-19 16:04:51.000000',12.94,'124XAyQ7xZ1433F','NpfO35E7IgTQ322'),('96R68et40I4q44K','2016-10-26 14:07:32.000000',4.33,'8Y7h9fcJ65rDBj6','BUJFXP613E8c33Z'),('96U069vI34122Jw','2005-01-04 15:48:54.000000',6.28,'421u79reNysyj3W','6fY546JJIgPNBki'),('9704I0ETDwE529m','2000-10-18 07:54:23.000000',12.17,'67d5pfXNe636jXW','C6804hM835477ir'),('9852w0zbLwZaOU7','2005-05-01 03:39:15.000000',2.58,'4A89hr8Z55R4O5v','244D7t7X339749l'),('98Ts1c7C703t806','2003-06-19 13:01:08.000000',3.82,'h4CD7T0639549ZG','N3eE08l4wC74Q45'),('99149UhW0z0FKFz','2000-07-13 20:46:07.000000',12.35,'IMY64AioW5p2H52','H3r2m9jr2CY71CT'),('9B9R6unu06WaDF6','2021-07-26 16:50:12.000000',2.43,'3c75y6F8bg3x223','yU1w9MEI5XUkg0Y'),('9bJ0596z158fE0O','2004-09-05 19:52:30.000000',10.11,'8f91m4CZ8Gxvjgt','fPcy0ai520KF0jI'),('9bt9z604Na60Z75','2011-03-15 19:32:15.000000',4.81,'421u79reNysyj3W','CL5v5237Ux39tu8'),('9C9bMLU7210R4t5','2007-07-23 07:01:08.000000',11.96,'67d5pfXNe636jXW','0I339O01w2QIyQW'),('9Fvl5G05HAey4A1','2010-07-05 19:20:46.000000',4.47,'699E5bnO42500J0','FKQ0m7m0k85uFCB'),('9g5J9XQU0mR1OsE','2002-12-14 00:59:13.000000',12.67,'H5PcLEj59451C93','60A65g83M6H6o35'),('9JD8r9HfL7Pdh7b','2020-07-08 09:33:11.000000',7.65,'4Kx75734q2460R7','u94420BN2O4Vbs9'),('9JVIVT426DEy7BX','2001-10-22 08:15:15.000000',19.06,'V26lZ9H49z3i3u3','2niK820WEHtL9Cp'),('9l7u0sd98Z9Omg2','2005-09-07 15:30:29.000000',16.12,'9W1242RX07V212j','Ern82pv7C606I84'),('9N8Ezu4q3EO571n','2016-03-25 19:55:33.000000',6.52,'6324cH2b515J4y2','j42BP9mN9K12gCh'),('9N8Q69qOm6UV3dy','2009-05-04 19:08:49.000000',14.41,'G41ow47nE1Q0l80','8871FCUvM19iL23'),('9nB90Je8PDZ8k22','2004-03-24 17:30:10.000000',8.53,'o459F50xSc832Y2','12dl1I4MtbJBB54'),('9nT0DS2L9vl9621','2015-03-08 20:45:07.000000',16.04,'52D56M10m75oSL6','516z08tqOSr3iN1'),('9O83k89VARof95c','2008-01-28 03:51:49.000000',9.91,'6843D2kDlBZhR9I','27U129eN97j3753'),('9oM7647e3709030','2010-10-18 17:45:33.000000',9.25,'7m0v986L7dxrP3L','Q3s9hrGXP55K8T8'),('9Q027ziPa6RLd9W','2017-01-25 22:01:41.000000',19.74,'30pD52p911aBO5H','u94420BN2O4Vbs9'),('9q2i63761FhMTjw','2004-05-19 03:24:03.000000',19.83,'65k0mhD458sjjZq','Kq62uyH8GBhP7m6'),('9r37RZ4U8pI6bq8','2003-07-27 17:16:11.000000',16.76,'i8kldNzf9n7jD72','4H6l0gk29G0D05I'),('9tC5v70Sf19bi6h','2018-10-29 19:39:38.000000',18.84,'QAj0pxZJ28oF5O1','5462t7M95hW537l'),('9x19004lw3609w3','2009-04-17 20:51:45.000000',3.71,'Y198Rwb719C3XyS','0jg5f2AEXVc4T72'),('9X2Zwz23JB8gS72','2010-01-29 00:54:15.000000',15.7,'dI607y634a00807','7k07hXH0Z861V3F'),('9X8oYf25LeDsy42','2004-10-25 09:31:31.000000',4.86,'At44156158l64vo','2Xp8O9FR5P7FcEU'),('9xy238306ZV9741','2015-08-29 12:20:25.000000',13.41,'3193T6Q1233MS8V','bH33M198y8L0j2P'),('a06s81TGwB95t9d','2011-05-21 03:38:47.000000',13.98,'8e161Xx14RCXXsb','JJ23f211ZK208DL'),('a0o9552Z3491ORC','2014-11-15 19:57:39.000000',7.19,'h4CD7T0639549ZG','46P0on44dDt623Z'),('A0W64RR8t8pkkU9','2021-01-31 22:22:54.000000',8.56,'6324cH2b515J4y2','1Q9A2G27q55xO51'),('A160Q2L8439177o','2018-02-09 18:36:32.000000',5.08,'T1qP6r7s9Pfe53w','342wpFiR2049I25'),('a236HgzLQ05U7ys','2013-01-30 22:35:55.000000',17.86,'9dT0t2nBU9OmI6n','8J0790V17J2Y4m1'),('a301Bo8S83n7C89','2016-08-05 20:53:16.000000',12.86,'65k0mhD458sjjZq','342wpFiR2049I25'),('A4D7028bJU906w9','2020-09-15 15:41:19.000000',17.69,'n714pqFx813vOU3','GlKKG04iX2l72bK'),('A51YF05Trova407','2008-10-06 06:19:26.000000',9.91,'3nF1IYW072Ru27W','hZu17y2nPm9N5F5'),('a661Y1lc0209912','2011-06-11 02:20:09.000000',15.27,'n714pqFx813vOU3','75d4V7j72AY8Y9b'),('a6899037eE11J30','2020-06-26 13:08:04.000000',5.7,'mm8Z4NBO99Bm06F','4E35949iAB58210'),('Ab068482I0Xq28G','2013-06-06 23:29:25.000000',16.2,'4D7WtneJBR4SOD6','iy757fS08B2i6eD'),('aBA0OA7B9QjW9mF','2017-11-27 14:46:17.000000',8.9,'At44156158l64vo','5ybWUj8kU6QJ096'),('aD433Zz9456VZ74','2004-11-25 05:25:34.000000',7.42,'889nL80n25i00o5','kx6Hcnuct1e02Jn'),('afUoG253c6ylNRm','2018-04-20 06:31:35.000000',12.52,'i8kldNzf9n7jD72','DTDB7BJI4xdf6kU'),('ag1iHK215GghsJH','2021-11-08 22:04:17.000000',17.26,'At44156158l64vo','Cfc61oY59138529'),('Aizz16dm7k41IJ9','2011-12-25 00:41:46.000000',17.02,'l89Y44f6g32Fv94','W2Xnj3Zel1Q1Uu3'),('aJ9p5j53c0Y463H','2007-02-01 13:15:46.000000',3.72,'T1qP6r7s9Pfe53w','y7Vjdj50kT589J7'),('Al6N97U48j6W629','2010-07-16 07:20:04.000000',5.2,'8285109gk7aE643','E1K91Zz6V4S248b'),('AMB4tD03O6JAoz0','2016-05-21 00:21:47.000000',2.38,'Hl8xZMHTGbWd173','3C6g125374Z0d80'),('ANuh18246Y70z67','2018-07-28 19:04:00.000000',4.84,'QAj0pxZJ28oF5O1','0O5Ku79xquzB04J'),('Ao42s59GEAm83CU','2013-01-04 00:32:00.000000',6.32,'4Kx75734q2460R7','r6568H6L2400ui6'),('aTc2vQ6X44e5T3G','2006-02-21 00:26:27.000000',4.08,'Y198Rwb719C3XyS','JH5x96to3l5G88Q'),('av08B82V661C5dN','2003-12-12 19:41:03.000000',10.7,'Rq4x9fi59R5qShp','3qQ22uG1579635Q'),('AV64Zq1475D7590','2016-02-08 10:22:01.000000',9.19,'hjtA4dolx78hLZ4','S0C105O2l7F690d'),('aygp249X1266J5w','2005-06-30 09:08:44.000000',14.86,'IMY64AioW5p2H52','9Q1yq013f9O4jyo'),('B0v94I31FXQ2Rps','2011-03-30 10:24:39.000000',18.81,'r19rz017v07tQ9k','MH1vNO2Z7cE2355'),('B18kl5V16ce8418','2005-02-17 12:08:16.000000',12.16,'G41ow47nE1Q0l80','8T169XR3939Qm5J'),('B1A45O74o4J9j73','2015-01-16 23:23:05.000000',5.78,'T1qP6r7s9Pfe53w','G41759ZY7H97ixJ'),('B1W174lZas66981','2005-05-27 14:42:00.000000',19.72,'At44156158l64vo','wH8jtVo1P6c7mYn'),('b3165gL0C6sm1OH','2007-06-20 04:46:42.000000',14.9,'r19rz017v07tQ9k','Mx1zI5FBy7MB5SK'),('B44xF88si9y2539','2010-02-11 08:19:57.000000',19.59,'1IM6eQZpA2J535c','921K8yHmuDeO64X'),('b68q7523I7013ie','2001-09-19 05:34:19.000000',13.6,'i8kldNzf9n7jD72','52uTozX39NjdA88'),('B76R1Kp2zMBjAHT','2021-03-07 16:57:42.000000',8.84,'QAj0pxZJ28oF5O1','4ynKE6R84NXSr39'),('B888jF00r91xjue','2019-01-23 05:53:35.000000',18.96,'44rRJ9k6ZH50241','iPy6735dbKkivQv'),('B8V1hHn7Z1EifjW','2015-12-27 22:45:26.000000',12.86,'2O24G0KU04A8K91','U523HA843nXf1he'),('b9314I3713IS2J0','2001-01-04 17:11:00.000000',17.39,'Q1t69Ov806uq91M','NA98iLWw8G3LGJ8'),('bAj7Ekdyk7311O2','2009-06-12 22:39:06.000000',5.96,'TsN47gS04088kHS','0e4EHXP367gBPz9'),('bcB6g8RH0yip182','2021-05-09 21:32:27.000000',5.65,'hjtA4dolx78hLZ4','E93f6zCG8aa8KtQ'),('BDafGE24fT34m3z','2006-02-22 15:58:52.000000',15.99,'3NT932n8q982Aoy','224J87S8qn6DEEt'),('bE3PV7246W8ALaP','2002-09-13 04:24:05.000000',11.33,'dI607y634a00807','6259OR35T6k5CF5'),('BG8wxhP0713527D','2016-09-14 05:17:31.000000',7.7,'889nL80n25i00o5','4E35949iAB58210'),('bI56gy14b77a6M0','2012-09-26 22:10:02.000000',5.01,'1mv8ZN316KYs25W','Ydy259rJ04wh84C'),('bK59Ef8G4ay0Lr5','2014-07-11 01:10:08.000000',5.53,'65k0mhD458sjjZq','zWkbL50pL7s722L'),('bs4jA93H6j3p95G','2018-04-30 17:04:12.000000',6.64,'IlDIu9520zS9O69','1RO9g100g17bVxy'),('BUdinQz4098k97h','2011-11-25 23:13:35.000000',4.34,'T1qP6r7s9Pfe53w','8W0KCn1xLB1130q'),('C0D3OzB4N47k6UX','2019-01-18 23:21:43.000000',5.41,'WnM550o86rxQ5pD','g0z7396s478599S'),('c1uc0N640hEk63A','2005-12-06 23:31:48.000000',12.11,'20Yg190ZuN0SgWZ','0jg5f2AEXVc4T72'),('C211a7OeFc197lX','2012-01-07 22:56:15.000000',10.12,'V26lZ9H49z3i3u3','8q5P2f4929866S7'),('C25Npy8EKTO7YOy','2008-08-10 15:32:14.000000',19.78,'Q1t69Ov806uq91M','g200q81HR6UY31T'),('C285512b929391U','2005-08-01 21:15:29.000000',8.3,'vu9WRGaAx56T8bR','4CO53bdSD151DL2'),('c35AoJ5R20p4X7N','2003-05-05 07:31:22.000000',16.07,'piw7N85Q54a92n9','8iz66lhm1685cPO'),('c7k6T4DC5T9futC','2018-09-03 07:11:00.000000',10.25,'52D56M10m75oSL6','G1jsyBQr21574D3'),('c8frSi70H614655','2019-08-20 23:47:27.000000',8.03,'G20R8KKt1843819','P573La6L1J97Ubp'),('C9983352FBYu316','2006-12-16 16:31:20.000000',4.87,'T1qP6r7s9Pfe53w','8D6P9e3j0o8IBXN'),('cCx3eE35w93R684','2014-01-16 05:34:59.000000',5.25,'1mv8ZN316KYs25W','qT3nYS14Gu6p1z5'),('CdVHw068SaWBj6b','2014-01-06 01:08:36.000000',12.58,'H5PcLEj59451C93','C3869WZ2C4026Tc'),('Cex435mIN25UjcY','2009-04-26 23:17:27.000000',3.67,'O0g20f915F42WPJ','2XyxD0T0903R925'),('CI02786n5N8GyW1','2019-12-01 13:25:07.000000',17.49,'3193T6Q1233MS8V','Ha2155K9G265rSG'),('cip36667kiK9J84','2020-10-05 19:03:09.000000',7.79,'2O24G0KU04A8K91','94Nn217te8vo8tU'),('cJ9N757a25AvO96','2017-10-16 20:49:32.000000',2.91,'3193T6Q1233MS8V','8T2K0h32k8fP021'),('ck4Z7dB28w0vs45','2004-06-07 14:43:11.000000',7.04,'O0g20f915F42WPJ','94I34L2SHsb34gr'),('cnAs9fPih19l4tH','2004-11-24 00:31:06.000000',15.97,'V26lZ9H49z3i3u3','r37RVmG296E45h0'),('cne2439v6Um5o7Z','2010-07-17 02:20:39.000000',11.32,'1mv8ZN316KYs25W','587914626vs590d'),('CR4C62IF6oZ90hx','2010-03-20 14:43:22.000000',13.31,'889nL80n25i00o5','y7Vjdj50kT589J7'),('cr9RM902Yb11240','2009-12-27 14:21:43.000000',4.88,'At44156158l64vo','zgWdr5DM27297n2'),('cw2110UR1989W6X','2012-09-13 12:49:00.000000',4.26,'QAj0pxZJ28oF5O1','352aw19mocL5onT'),('d2I8Ci770382HN7','2009-02-11 06:07:04.000000',3.95,'0Y854pn0K04l28c','U7kj0848u62E072'),('D3CJ4B4A6F9ca38','2018-10-26 18:35:23.000000',6.88,'3193T6Q1233MS8V','ZU213E265Rd19s1'),('D3me40801107QTU','2007-06-27 12:55:22.000000',16.29,'421u79reNysyj3W','4553TlkVX349fP8'),('d49hOev8r1S4C9g','2020-11-19 16:42:04.000000',2.92,'44rRJ9k6ZH50241','g8n98aC8wYH9s51'),('d53xG6D6u942ILc','2005-07-02 03:29:35.000000',9.8,'YEJNzK6mXm1hc02','652fu622B4Y6p89'),('D5xXIG5668l6VzE','2016-04-23 10:12:33.000000',11.28,'Q1t69Ov806uq91M','4tyOG0ho82aa28r'),('d68F9Impjp8X9J3','2004-05-25 14:56:32.000000',7.48,'TsN47gS04088kHS','y90614QB7ae76M1'),('D72ywOhX1732VuM','2019-08-03 08:23:13.000000',4.75,'3c75y6F8bg3x223','CL5v5237Ux39tu8'),('d74B8b76h5bcaR6','2003-06-24 05:35:31.000000',13.3,'i8kldNzf9n7jD72','G707Aa58872712e'),('d7PC4g523986RPs','2013-12-27 07:00:39.000000',6.77,'1IM6eQZpA2J535c','46148wP811XEjrD'),('D8327rRUgSo5KYH','2016-08-27 07:35:37.000000',8.86,'Rq4x9fi59R5qShp','o7Zk24ZTMQ961Z8'),('d8ST704fi2eVRMR','2015-01-09 22:46:29.000000',15.51,'Y198Rwb719C3XyS','RR6G2A7MJ4Jb71x'),('d971724371830FY','2021-10-29 07:10:53.000000',15.57,'69eBvk30r9ww72r','66x4583Edo77uV1'),('D9E8c321eOkWfnz','2012-06-25 21:47:23.000000',9.72,'IlDIu9520zS9O69','9kNTw9uW7527c42'),('Da035U33Shz502p','2000-09-05 15:52:57.000000',6.46,'TsN47gS04088kHS','h0yhEyT9a220879'),('delgAsF95YO06f8','2014-03-27 23:51:39.000000',4,'i8kldNzf9n7jD72','X3T5n585Mg8e7wJ'),('dn3Ud2vq730Z33T','2011-09-02 03:30:01.000000',17.31,'Q1t69Ov806uq91M','A6ocu13j02se56z'),('dQ71E6uw11K2Lg4','2015-08-13 02:23:36.000000',14.39,'35Wt11kRtXt02CO','UAe9157B5A4YD4s'),('dX637w10n7ZvT4O','2007-10-17 19:32:19.000000',15.36,'699E5bnO42500J0','00Y53929e37t40n'),('E0O31824WK30z4x','2011-09-04 11:16:01.000000',19.32,'V26lZ9H49z3i3u3','l1S6Z3Y8y81Hw60'),('E1I4f5Qj3mcD9fg','2016-06-28 17:54:36.000000',4.15,'hjtA4dolx78hLZ4','QLV8mDh790967L2'),('e205v2MA60T77Wq','2015-06-18 02:51:19.000000',6.74,'6843D2kDlBZhR9I','xd8j4QPf4bI03D8'),('E44u421c506lcC0','2008-02-10 03:29:19.000000',5.09,'124XAyQ7xZ1433F','o7Zk24ZTMQ961Z8'),('E55x60887557443','2010-08-02 01:49:25.000000',7.85,'2O24G0KU04A8K91','456l0651C0eE927'),('E66Jf3a4893n513','2004-08-27 15:41:58.000000',5.1,'52D56M10m75oSL6','4978Y175752B909'),('e7XN0MFVe04D9B2','2012-11-17 11:47:34.000000',19.99,'3c75y6F8bg3x223','E93f6zCG8aa8KtQ'),('e89T98sr0IsgP00','2000-12-31 09:33:15.000000',5.86,'9dT0t2nBU9OmI6n','4K8iQr057mbqkxP'),('E9r4E32y9YtJ1oE','2011-06-14 00:16:34.000000',4.61,'87k3UNI3yaOG40a','RR6G2A7MJ4Jb71x'),('Edt9BP56e3aL067','2007-06-08 11:10:51.000000',9.29,'8e161Xx14RCXXsb','w4e808wby0T6e3q'),('EdybWje67gS8TSy','2016-10-06 23:16:24.000000',14.48,'n714pqFx813vOU3','1y1kx66I75U3FoL'),('EGR24h9pL3v89K1','2003-10-29 23:56:46.000000',17.61,'65k0mhD458sjjZq','6245SP4fE36MywA'),('ELu949kv1bF98q8','2005-04-16 17:49:49.000000',6.52,'V26lZ9H49z3i3u3','0w427pt4Z72DHG3'),('Ema9FG40012TH76','2017-04-19 11:51:54.000000',5.57,'h4CD7T0639549ZG','1iG2X073H5GRR6B'),('eMs53f4i0oY8aO2','2002-08-04 16:18:10.000000',8.28,'IMY64AioW5p2H52','8871FCUvM19iL23'),('et7Np7UfG4Ggf0T','2010-12-12 18:45:43.000000',16.36,'52D56M10m75oSL6','9K8OOD8l69r8943'),('eyX1Ue36px07h72','2010-02-02 10:39:58.000000',15.69,'8f91m4CZ8Gxvjgt','19G1806Zy25S24m'),('F0344e83Z914CS5','2005-07-27 12:37:50.000000',18.7,'3NT932n8q982Aoy','725d925bk302V5E'),('F7g195l261GM9kq','2019-03-09 21:29:09.000000',7.55,'TsN47gS04088kHS','Q5l2Wd0008k73DI'),('f7Q1OJ490hk69d1','2007-09-12 13:55:24.000000',9.35,'7m0v986L7dxrP3L','8J0790V17J2Y4m1'),('F8RD43ck7d4A4c7','2017-04-23 23:48:05.000000',10.34,'8f91m4CZ8Gxvjgt','cuGDC5qZ13G4lm2'),('fb217j23Czq5251','2004-01-01 07:32:55.000000',18.02,'9W1242RX07V212j','1S560WC5Rt9e7K5'),('fcGJGR980p187wb','2007-08-03 05:01:13.000000',9.9,'T1qP6r7s9Pfe53w','77saD32n55532D8'),('FFh744898gaD73M','2001-01-18 02:47:24.000000',3.1,'l89Y44f6g32Fv94','8U0JA0a7rDu2F15'),('FJa7zk3ZHJs7E7D','2020-02-10 06:13:57.000000',6.02,'r19rz017v07tQ9k','583841Kb50a5S35'),('fK1WFN58m6N1iH2','2020-07-25 00:27:00.000000',5.65,'4m3905WDM86447a','303943o0O6Z6V6y'),('fKArnTd49T7D6tS','2009-01-09 16:19:38.000000',16.4,'20Yg190ZuN0SgWZ','37zCYw51R1P3mT3'),('FLj4swLC0680d2U','2021-10-05 00:59:20.000000',10.69,'30pD52p911aBO5H','679cY19654B3g88'),('FO4F61R69161q45','2007-10-09 10:54:34.000000',12.23,'124XAyQ7xZ1433F','1ISO4290JiY2150'),('FP03UZ7r4z21l0z','2020-01-20 09:37:39.000000',13.83,'889nL80n25i00o5','t6FfJOl0t39z42b'),('fPhBD6FtPAmw2H5','2003-05-08 13:37:42.000000',3.43,'3nF1IYW072Ru27W','6A2z68el9k24p47'),('fqKH4869vMD95Xd','2012-11-10 23:47:59.000000',9.82,'938v482k92Ry3sJ','7PAS51UaG6sMY7R'),('fR1T90r07W17x3o','2009-10-17 07:22:29.000000',13.99,'4A89hr8Z55R4O5v','F28VE2d2ae514B4'),('frx7P9072M16PNW','2019-01-27 01:30:23.000000',16.81,'l89Y44f6g32Fv94','8571185s94563iV'),('Fs8RK5355125k1p','2016-09-16 05:14:09.000000',14.93,'G41ow47nE1Q0l80','4e10zVv8Ii7s0J1'),('ft8sx3840Y2J7du','2002-06-04 11:44:15.000000',10.72,'9W1242RX07V212j','1q7D75B20o8X2d6'),('FVbg0TfV1Td616Z','2017-08-03 09:55:35.000000',16.96,'8e161Xx14RCXXsb','j57Z09K4Fx8tB4G'),('fwY8dh0885e32j3','2017-02-21 04:22:22.000000',17.94,'H5PcLEj59451C93','t101JR4Oy073L0i'),('g1B1smae85V89j4','2013-02-09 22:56:58.000000',17.58,'h4CD7T0639549ZG','88k8A5u509bTAjy'),('G26P2ij02jLu8bI','2019-12-27 11:50:23.000000',8.96,'G20R8KKt1843819','G1jsyBQr21574D3'),('G344Sp414u92520','2016-11-07 00:43:09.000000',10.86,'4Kx75734q2460R7','7ydrL12w8m1z8w5'),('g39O2slUYGJ499v','2011-09-07 17:19:18.000000',18.16,'mm8Z4NBO99Bm06F','10K29U22EPGL915'),('G487Fg7LrP7mx6H','2009-11-18 21:57:55.000000',15.97,'H5PcLEj59451C93','02I1Ji3v61Aj6Ks'),('g72t4IBnzx33x7r','2021-03-01 18:12:50.000000',4.78,'124XAyQ7xZ1433F','1AJ33mQd326edg2'),('g82xz0ADx5utYoV','2011-07-13 08:31:57.000000',16.76,'K7V15d1L7gp1B38','E386rby9H48nz9t'),('G86VW23DHoq648b','2018-02-28 09:56:40.000000',5.35,'WnM550o86rxQ5pD','C0239vW17d5h29g'),('Ge8X5t1nUTt3869','2018-08-31 03:05:02.000000',2.82,'IMY64AioW5p2H52','moAI3Xj6777f2P9'),('geyCBDO8QoOf7f4','2000-11-22 15:36:57.000000',17.87,'h4CD7T0639549ZG','d98mCz6YSLc29s4'),('GjTV1Vs552213o9','2008-10-01 14:47:55.000000',8.59,'0Y854pn0K04l28c','ZjVbB2g555526mu'),('gn1R0p92Zd80Yns','2011-08-05 20:52:33.000000',10.37,'6324cH2b515J4y2','c45frK51a5hB1y7'),('GN55C9931543gH1','2010-12-19 21:54:35.000000',10.32,'0b3875851My679X','09S33j95fV747bp'),('GO474dvYn0812R1','2020-07-03 06:41:05.000000',17.22,'YEJNzK6mXm1hc02','6vD76S9rF6LbXcz'),('gOD0m8JilQOjapr','2019-09-24 00:40:38.000000',15.48,'i8kldNzf9n7jD72','3r6729J7898d1OY'),('GQ5N56Of4zf10nH','2010-07-05 17:34:14.000000',7.62,'9W1242RX07V212j','U523HA843nXf1he'),('GqkYMr742rf4p14','2010-11-19 01:47:01.000000',5.96,'889nL80n25i00o5','h2P0352102357Gf'),('gr89d39jy997E83','2009-10-17 01:13:55.000000',5.53,'hjtA4dolx78hLZ4','02W1xa29tl6X7Qk'),('gRR234W2DJ63Vw5','2000-04-12 13:49:49.000000',12.96,'dI607y634a00807','S8j10u8zI93r788'),('Gs3Ls1rQA7x08VK','2014-01-03 16:05:01.000000',15.66,'T1qP6r7s9Pfe53w','Z0Q40FFL1315X9x'),('GUt5I9WYV4hr1C8','2003-12-17 11:31:32.000000',6.28,'9dT0t2nBU9OmI6n','hMgo74R4wX325Y1'),('GY4A5I19D82B694','2013-12-14 17:17:23.000000',9.88,'At44156158l64vo','b210F98L0P10M5C'),('Gy5D9bNXKBHv601','2008-06-08 22:05:04.000000',8.14,'G41ow47nE1Q0l80','SYG4398Etbj4IV7'),('GYd9v2geF4v0B3N','2013-10-02 06:37:25.000000',4.29,'IlDIu9520zS9O69','00QpssG900839K3'),('gyH7Rf5lND6dgJ1','2012-01-17 07:15:08.000000',2.67,'TsN47gS04088kHS','moAI3Xj6777f2P9'),('h1537r3k99S47d7','2002-09-08 23:26:42.000000',4.49,'3193T6Q1233MS8V','9W45r2z9dB4E5h7'),('H23vRiJ8ygQ5Es1','2019-12-28 14:14:06.000000',5.39,'n714pqFx813vOU3','77K66a197104H6M'),('h3yRUG9Vi1Gs0Ac','2015-02-05 01:46:33.000000',5.32,'124XAyQ7xZ1433F','b62gb3O3252941S'),('H41V6403Bd51v0T','2019-01-21 00:21:31.000000',11.73,'6843D2kDlBZhR9I','k872iZFxoJJiv78'),('H472ne2OD293I50','2006-01-31 23:59:38.000000',2.2,'IMY64AioW5p2H52','830Ev2R74tK06At'),('H55X22L6z404BZ8','2001-05-23 16:25:03.000000',19.78,'G41ow47nE1Q0l80','a2Q4s8f88wyK9zP'),('H5caHqE8232MRv1','2013-07-16 10:37:48.000000',19.96,'4A89hr8Z55R4O5v','9sdC8K603D0z9Xv'),('h7j48xmX57cF2T9','2005-04-21 16:49:18.000000',3.49,'i8kldNzf9n7jD72','P683Kp6q202y6qT'),('H8p0f0en6O7O42r','2000-01-16 14:10:00.000000',2.44,'9W1242RX07V212j','f17k3G4x09q3d0r'),('HAJ5Bt8P2A5697U','2012-02-14 04:39:08.000000',2.88,'i8kldNzf9n7jD72','JH5x96to3l5G88Q'),('HJ0W1qIk4n4yw0u','2020-09-12 11:35:16.000000',11.15,'9dT0t2nBU9OmI6n','hva70fx52mR1XCq'),('hoR8aw4tF6n4Aw3','2010-07-22 09:43:21.000000',11.51,'69eBvk30r9ww72r','WNH18ldc5O6581H'),('hp8gM16Tep80y50','2021-08-29 12:17:24.000000',20,'20Yg190ZuN0SgWZ','62D87iA93668c6k'),('HpBc606Sc56Io85','2018-03-10 12:43:05.000000',16.71,'At44156158l64vo','8871FCUvM19iL23'),('hPq1L9g5q5t8LC1','2012-10-18 08:08:31.000000',18.78,'1mv8ZN316KYs25W','60A65g83M6H6o35'),('hRC3p2038FL8546','2002-12-28 04:46:04.000000',15.6,'Q1t69Ov806uq91M','6fY546JJIgPNBki'),('hSmy99I38D22Q7v','2008-02-12 21:17:10.000000',15.81,'IlDIu9520zS9O69','4KJRF5Bi2k0Txmw'),('hw66HK46iS1r856','2014-10-28 01:22:44.000000',8.78,'8f91m4CZ8Gxvjgt','z76H174Xc5641EN'),('I01zPfzH7VfYFOd','2014-10-21 19:21:30.000000',17.68,'69eBvk30r9ww72r','S9Xt09B1d1q6nno'),('I0i5810zp4T0z37','2004-11-05 13:25:56.000000',3.07,'i8kldNzf9n7jD72','2c3B4Ly5Fk85z9b'),('i0M5ack42279f8C','2000-07-17 05:47:43.000000',15.21,'4D7WtneJBR4SOD6','E386rby9H48nz9t'),('i0Z0hp47TN0F921','2010-03-23 00:03:45.000000',3.73,'889nL80n25i00o5','Pj87G16TL27141C'),('I17Kugyc71O5v9m','2012-03-18 14:31:19.000000',16.56,'hjtA4dolx78hLZ4','kB01XM9ZzITK83d'),('I2131o7cs666d74','2012-09-11 14:05:02.000000',10.92,'39881hM0A0CH6xS','4CO53bdSD151DL2'),('i39fzQR5SHlWDY6','2021-09-30 09:16:23.000000',8.31,'YEJNzK6mXm1hc02','352aw19mocL5onT'),('I8zY9Nn300a04J9','2017-08-26 00:10:58.000000',14.22,'Hl8xZMHTGbWd173','CUa6487i21Uc6zO'),('I9x9K211AjieJ6v','2014-12-01 18:14:44.000000',18.31,'65k0mhD458sjjZq','ydg7192d4bTS4F8'),('Iaf6713gvD625V0','2021-01-04 20:56:52.000000',4.36,'35Wt11kRtXt02CO','4GN7f77DfK6L1Yw'),('Ic3epho5z415M27','2019-01-14 00:30:37.000000',19,'h4CD7T0639549ZG','kykY082Jzo8c230'),('iFAXkx85JlYqL5j','2003-07-29 15:29:16.000000',18.01,'n714pqFx813vOU3','7E091mV6skHe8I3'),('iigy6Q7222OBFR2','2003-01-16 05:46:07.000000',14.73,'Q1t69Ov806uq91M','151k503I4pZ6780'),('ij9U252s6K95494','2007-07-18 03:26:15.000000',17.86,'07855cr60P8O3N9','456l0651C0eE927'),('il71lgk5pl6qnyO','2002-02-21 06:47:22.000000',11.9,'39881hM0A0CH6xS','c45frK51a5hB1y7'),('io5Z5AsG003jv7u','2008-04-15 06:58:29.000000',13.78,'30pD52p911aBO5H','S7586Th29YjW2u3'),('IOt154902p3w6pc','2008-09-27 02:55:46.000000',9.18,'vu9WRGaAx56T8bR','U9yh15J3yd1957W'),('iQH2PIle7BO9358','2019-01-26 17:55:19.000000',11.92,'67d5pfXNe636jXW','56Eg98yIDha4PO0'),('IW90FOKl9kn0qmb','2000-11-23 18:40:18.000000',19.23,'1IM6eQZpA2J535c','G1jsyBQr21574D3'),('j0l7E193187Q2T0','2021-05-14 16:28:20.000000',9.02,'0b3875851My679X','cw6zn7592cWm63u'),('J1783c20Ym9Z43M','2004-01-20 21:01:59.000000',3.86,'7m0v986L7dxrP3L','87JwyQiZ837JqrV'),('j469wO6yy1ES6j2','2019-01-10 10:37:04.000000',5.06,'699E5bnO42500J0','0969d41689Hex8b'),('J4W3Jl4GYt820d5','2001-02-26 23:38:32.000000',4.62,'421u79reNysyj3W','pBV6bzw142n7b61'),('J528W956E280795','2018-08-12 04:45:20.000000',14.72,'Hl8xZMHTGbWd173','X43435017mdHYn5'),('Jde02V7eP399t6v','2007-10-18 10:17:18.000000',4.21,'65k0mhD458sjjZq','8T6I9y6U8c3b8HW'),('jdH043X71n0E698','2003-04-23 12:35:44.000000',6.4,'8Y7h9fcJ65rDBj6','R9r728O8430B4m7'),('jdi28pPX3Iju056','2017-07-23 13:06:17.000000',7.44,'H5PcLEj59451C93','kx6Hcnuct1e02Jn'),('JdnZS108SP999Y4','2001-10-27 02:26:06.000000',16.04,'52D56M10m75oSL6','U523HA843nXf1he'),('JF6T82H9STGsP07','2017-08-05 21:08:26.000000',5.47,'6324cH2b515J4y2','X6U9oSR0056N738'),('JHa16GK78mGhpr8','2000-11-21 19:15:23.000000',2.48,'9W1242RX07V212j','9I00p5icPX217W4'),('JhGbilevj0se15p','2002-09-30 00:23:09.000000',13.56,'Y198Rwb719C3XyS','085Y66p88O5t439'),('JhjPT3Me59q739k','2007-07-28 08:36:16.000000',9.33,'vu9WRGaAx56T8bR','66iR2j8lK7L149D'),('JJ54W9Z6tfT7858','2021-07-13 07:51:11.000000',3.61,'3NT932n8q982Aoy','52uTozX39NjdA88'),('jM895424A73f2c1','2003-05-13 18:46:01.000000',12.61,'V26lZ9H49z3i3u3','fwcI17j3h38L61G'),('joKRMvs98413078','2008-10-06 19:48:46.000000',11,'44rRJ9k6ZH50241','nj81y4s4MGWk3B8'),('jPMByIQh3K9h99q','2007-11-12 02:41:31.000000',11.65,'r19rz017v07tQ9k','s5ROP7u7c8dK2z5'),('JPo61E0f7Fc7877','2001-08-21 12:24:40.000000',3.51,'mm8Z4NBO99Bm06F','44SlR3FL7yF9t90'),('jQsqY48R77Zp2P5','2005-06-04 13:10:19.000000',14.97,'r19rz017v07tQ9k','P5tYMY507K5OnWK'),('k1481jbCixAY6mh','2015-07-15 14:11:08.000000',2.98,'39881hM0A0CH6xS','2R6hJA3KphZ92Q9'),('k4186Mu3Cf23pSR','2009-06-16 05:07:10.000000',12.24,'r19rz017v07tQ9k','PW32CX627945x4m'),('K4xM1611H84b1bE','2012-02-18 21:39:11.000000',3.4,'e1004MN5TF7X47R','H21uabVw8616XZ8'),('K61630146I5199s','2007-04-25 03:31:53.000000',11.11,'dI607y634a00807','d98mCz6YSLc29s4'),('k7kJS03rCKBW259','2013-11-19 13:37:38.000000',18.92,'piw7N85Q54a92n9','1L3zZcZ70LWDb69'),('k7SvK1D5VSg5068','2002-03-30 10:45:57.000000',4.07,'RVPxC4E156u202C','r2Qx28W5E9XK288'),('K7z9j6yqVh64hwR','2013-11-15 15:18:07.000000',2.66,'6c1UkRa16708qB3','AR2L586n86sC9R6'),('K84uBAn37318N52','2001-02-17 09:15:36.000000',10.05,'4A89hr8Z55R4O5v','r0423MnjOX1041K'),('kfdA8e6w250693A','2006-02-15 02:24:33.000000',6.51,'O0g20f915F42WPJ','lX99xaz22m5M02U'),('khA2wj2dj40S79M','2015-12-08 14:03:42.000000',2.38,'07855cr60P8O3N9','6LvUw9D44QI09BN'),('khlJ7vux3pu6938','2003-03-12 09:37:51.000000',16.31,'6c1UkRa16708qB3','f17k3G4x09q3d0r'),('kIH4f5qXs4PX6UR','2001-07-21 20:29:28.000000',15.4,'3nF1IYW072Ru27W','gOC7yS83XS4X5uY'),('Km60IAS27ePCCbT','2013-03-21 22:35:16.000000',8.7,'3c75y6F8bg3x223','S9Xt09B1d1q6nno'),('KNq0M8Z2h05D22K','2002-09-07 22:31:24.000000',16.81,'mm8Z4NBO99Bm06F','I3dj308fU4oeBS5'),('Kr41V9i73w09ddm','2002-10-07 17:06:53.000000',8.21,'dI607y634a00807','aeR1AWzLSaNW401'),('kym2v643051i231','2015-09-22 02:18:10.000000',11.47,'30pD52p911aBO5H','60yD51cF3GVQ0cr'),('kYm43KS6y0912Wi','2003-07-22 08:52:23.000000',15.48,'3NT932n8q982Aoy','9n37k2521PIZfg8'),('l0XC14u7kT5K1q4','2020-02-26 00:22:11.000000',12.38,'52D56M10m75oSL6','2p0EA0UHoxB53vh'),('L1Bl7Cyy1ib3Dpu','2000-10-05 06:08:38.000000',11.22,'7m0v986L7dxrP3L','CUa6487i21Uc6zO'),('L44V9s26p3D2l0E','2019-03-26 12:31:56.000000',7.23,'6324cH2b515J4y2','e93jQHGqd74Ga42'),('L4833007IOb1q70','2012-05-07 13:24:50.000000',9.49,'Y198Rwb719C3XyS','0i1DDV0x99woIFr'),('l5ns606PD1pZ9N0','2007-01-29 06:43:04.000000',15.77,'2O24G0KU04A8K91','P573La6L1J97Ubp'),('l641m6r51t66950','2002-10-17 17:59:53.000000',8.7,'07855cr60P8O3N9','4szQ0cr3552t42w'),('l75XUzGtJ6L1293','2021-09-24 06:22:42.000000',10.73,'K7V15d1L7gp1B38','93QQ493bUdTiW37'),('L96p4Y6d8C60r7f','2010-10-22 07:19:42.000000',19.05,'4D7WtneJBR4SOD6','r37RVmG296E45h0'),('l9P8617wS08Hk70','2008-04-15 09:14:26.000000',14.66,'6c1UkRa16708qB3','863J949wG52BU08'),('LA24uben2Arg529','2017-10-31 01:35:00.000000',10.7,'l89Y44f6g32Fv94','cuGDC5qZ13G4lm2'),('LB5B1KN305K3kcv','2017-08-07 15:40:08.000000',5.42,'52D56M10m75oSL6','pdHO337gVMgF55C'),('lCE95T33h6f9926','2000-02-24 16:18:10.000000',5.83,'4m3905WDM86447a','72C4Rt2PE5223Di'),('lgF34XMu2433WdR','2020-02-28 04:48:02.000000',16.86,'IMY64AioW5p2H52','9BO13c54YDE1GNT'),('lK7gFI152aVJ8z1','2018-04-02 02:27:53.000000',14.43,'3193T6Q1233MS8V','H3r2m9jr2CY71CT'),('lm78UY1WT5I31eo','2001-10-27 14:22:01.000000',16.98,'dI607y634a00807','6100512f1F3uLw8'),('lnh6p8338378E6c','2021-09-26 18:46:28.000000',16.13,'mm8Z4NBO99Bm06F','4895Ub392duL64G'),('lS8ZUc9ej80uA6S','2000-01-09 02:42:37.000000',15.02,'124XAyQ7xZ1433F','4RS639N48ofo525'),('Lsf1kyE71gW41j5','2016-09-30 05:16:42.000000',17.24,'6324cH2b515J4y2','Z49622n7uR7928L'),('lu24GcRvNc253pk','2001-02-08 01:11:43.000000',11.83,'35Wt11kRtXt02CO','2NE7ta1XO61erv6'),('lx7013PHjD8Q9fe','2021-01-16 07:39:20.000000',5.26,'124XAyQ7xZ1433F','Z79UPY16FPt3107'),('LY7pl121R2g6D2Q','2006-11-26 20:37:15.000000',7.93,'938v482k92Ry3sJ','08k292ki4172Is7'),('Lyyxi14bxlZxPV6','2020-05-25 20:42:27.000000',7.58,'RVPxC4E156u202C','d5ELQ3E6XFk6H9K'),('M0212kD4YI7sj59','2000-08-21 15:38:23.000000',13.33,'0b3875851My679X','1y1kx66I75U3FoL'),('M03F31637465045','2004-02-09 21:40:31.000000',7.23,'4m3905WDM86447a','xF8NhWm5X6jLcCj'),('M0Nr0O29i9M3U3M','2003-05-30 13:34:59.000000',5.24,'WnM550o86rxQ5pD','P5tYMY507K5OnWK'),('m0ZT7sv44y238P9','2007-03-29 02:04:27.000000',18.65,'2O24G0KU04A8K91','G1jsyBQr21574D3'),('m23lM852p29Bb2Y','2021-03-05 19:36:24.000000',10.5,'i8kldNzf9n7jD72','FPX3Kt2512g97R6'),('m2Eu3nk0t60Q2b4','2015-09-14 19:48:23.000000',16.65,'44rRJ9k6ZH50241','2G20003o5wC3788'),('m31mkH18HepnoWI','2016-11-16 03:08:03.000000',3.18,'i8kldNzf9n7jD72','8y6824c51J0irL9'),('M51M9aXt1N28901','2002-05-18 22:40:06.000000',10.23,'4Kx75734q2460R7','88k8A5u509bTAjy'),('M52439vP8812O10','2019-12-06 18:27:06.000000',18.87,'20Yg190ZuN0SgWZ','0t4dyK80B2bP3dX'),('M5xb484G1VC537q','2019-05-27 17:05:18.000000',14.65,'9dT0t2nBU9OmI6n','s4B85AR1iRdB0Bf'),('m7U174M192E878B','2007-03-11 18:12:42.000000',17.59,'4D7WtneJBR4SOD6','R00Q3K7h71i4qiQ'),('M8I7N5796saRoSr','2016-07-02 11:35:46.000000',18.19,'1IM6eQZpA2J535c','FKQ0m7m0k85uFCB'),('M966bAQ6H22I00C','2017-02-06 01:31:02.000000',2.21,'T1qP6r7s9Pfe53w','0BbeNjF739D580J'),('mB90fy33Qs36430','2001-12-29 08:20:21.000000',8.26,'Y198Rwb719C3XyS','429H3JYOfsm278k'),('MifIdw6K6q2kFv2','2013-11-28 18:22:54.000000',10.12,'87k3UNI3yaOG40a','93G5up01di5PY78'),('mPT550aX9BINfN0','2020-10-19 06:22:06.000000',14.78,'39881hM0A0CH6xS','182685jM96LRAkl'),('MQ0H352XEK8d5U7','2005-07-13 10:25:18.000000',16.3,'9W1242RX07V212j','Y8st0de178z22g8'),('Mt4CS612V539b6q','2011-03-31 15:27:11.000000',18.17,'Hl8xZMHTGbWd173','gLfc29647791Og4'),('MY1Yf2466zpm882','2007-07-19 05:12:40.000000',18.47,'h4CD7T0639549ZG','3Y8h8C128v3s98s'),('my6047z742pqd0E','2013-08-31 15:57:45.000000',10.1,'4m3905WDM86447a','69misxYV1AovEI4'),('N08A2JgP53BG4m0','2004-12-09 17:54:22.000000',8.36,'699E5bnO42500J0','7Z9fnQL8Cg567ZW'),('N245mpj54174U73','2019-06-01 17:06:47.000000',8.2,'l89Y44f6g32Fv94','pBV6bzw142n7b61'),('n288P64JN901bK1','2011-03-18 11:29:37.000000',3.56,'IlDIu9520zS9O69','n7x0A646W8JQ38P'),('N2c9f7c56403305','2004-06-20 07:41:29.000000',5.28,'6843D2kDlBZhR9I','1S560WC5Rt9e7K5'),('n466z93yyFmS9m6','2015-08-17 16:14:49.000000',4.15,'1mv8ZN316KYs25W','33Ym8818YlL8asS'),('N4vrf7kA3rv5jeB','2020-07-23 09:14:42.000000',18.28,'o459F50xSc832Y2','R1X4418DI6DvU23'),('n641kqD22t470J9','2016-07-22 00:00:28.000000',4.94,'2O24G0KU04A8K91','w0l1t9C3odq9z64'),('n6F7xIJ5n1tax5o','2002-03-17 01:05:09.000000',19.49,'WnM550o86rxQ5pD','66iR2j8lK7L149D'),('NbwN0KP5uEP21s5','2004-07-25 04:22:53.000000',16.96,'2O24G0KU04A8K91','o6KLr2yn6VTU1D3'),('NDWd10d6437x2GG','2001-12-03 03:12:57.000000',19.01,'e1004MN5TF7X47R','3r6729J7898d1OY'),('nfZWye83d41U8f0','2014-03-02 09:14:56.000000',8.67,'H5PcLEj59451C93','Fo81G743GtF1Vd5'),('nhAC12Aa3P683tl','2012-11-22 01:52:49.000000',12.94,'6324cH2b515J4y2','342wpFiR2049I25'),('NiZDF5mqH635C78','2006-01-15 13:20:05.000000',15.47,'67d5pfXNe636jXW','O650jD7NJ901mcY'),('Nn5G49k5Q6n3ku5','2008-10-21 11:37:56.000000',15.17,'67d5pfXNe636jXW','R00Q3K7h71i4qiQ'),('nR89S98980h3223','2006-01-23 12:33:19.000000',2.02,'07855cr60P8O3N9','9J47Qs76l410OcH'),('NsjT6iDY359WB2T','2004-12-11 07:22:31.000000',12.33,'T1qP6r7s9Pfe53w','G41759ZY7H97ixJ'),('Nv0S7891zNUlcwX','2016-05-03 01:40:13.000000',11.48,'65k0mhD458sjjZq','1S560WC5Rt9e7K5'),('NVT97H70Q48NyO7','2001-07-15 03:55:24.000000',17.9,'QAj0pxZJ28oF5O1','t101JR4Oy073L0i'),('nz554s71CWu290B','2010-09-23 15:09:05.000000',12.07,'124XAyQ7xZ1433F','h0e0019sxomj6jI'),('NzngS3s5h0XDr20','2015-05-22 07:55:32.000000',5.08,'9dT0t2nBU9OmI6n','x26T9366uPhfp84'),('o0A07HWVuxM24iF','2013-03-30 22:56:06.000000',7.31,'1mv8ZN316KYs25W','2R6hJA3KphZ92Q9'),('O0M7SEwMaHQnOgU','2017-03-20 01:07:20.000000',5.89,'H5PcLEj59451C93','2hY42393rK2W5u8'),('o0N3y6Xtm150129','2021-03-03 17:42:43.000000',5.4,'8Y7h9fcJ65rDBj6','2c3B4Ly5Fk85z9b'),('O142v37t7ZzQxme','2016-10-27 08:58:10.000000',8.82,'9W1242RX07V212j','Cfc61oY59138529'),('o16r9x080poUYs3','2005-04-20 15:23:27.000000',12.13,'35Wt11kRtXt02CO','1nP186k46q2f9V3'),('O177FNe8M1DH61I','2007-04-06 02:01:13.000000',8.81,'87k3UNI3yaOG40a','83503LKi3Ej41t1'),('O22nunZkp32742C','2004-01-07 02:13:06.000000',19.32,'69eBvk30r9ww72r','2d74wRK23LY3w87'),('O42716m18k87PE1','2014-05-20 21:29:49.000000',8.15,'3c75y6F8bg3x223','z3W3VF252li4O10'),('O4gyB6mZ2L2mB8D','2018-06-28 06:22:45.000000',12.35,'6843D2kDlBZhR9I','f9fP1l1f85Lo69Z'),('O58B8M8D125MC87','2014-05-08 13:04:58.000000',13.55,'Hl8xZMHTGbWd173','FPX3Kt2512g97R6'),('O67N934X9Fk5BG3','2011-07-03 11:36:07.000000',10.71,'124XAyQ7xZ1433F','Q277Newq6Qs16Mr'),('o77647B84Tz8i4r','2015-09-27 19:15:26.000000',10.4,'6c1UkRa16708qB3','9E9J7pb4C97E88h'),('O7lmf6dsz6Y8dFL','2014-07-28 13:13:19.000000',16.91,'20Yg190ZuN0SgWZ','87JwyQiZ837JqrV'),('O7yb383yF848N0W','2003-09-22 07:32:06.000000',12.99,'3nF1IYW072Ru27W','UT46H971r741vk4'),('o94D97304966M62','2012-11-15 10:13:51.000000',5.29,'4m3905WDM86447a','ld7ympk72U6t608'),('o9h2528ec4bJd40','2008-06-12 18:23:58.000000',17.03,'1IM6eQZpA2J535c','JE53b481f4poS34'),('oA0s9Io5JE42rg1','2021-10-21 02:57:15.000000',18.28,'Y198Rwb719C3XyS','35859278LeT78X8'),('Oh7cy9240q98C6R','2001-05-06 21:34:22.000000',16.08,'2O24G0KU04A8K91','qBm0ol357057M7u'),('Ohs7ugTn5EA7v0R','2009-01-20 02:16:46.000000',4.3,'YEJNzK6mXm1hc02','gu0589QF21nU98n'),('oi72Qoo69aU5k5s','2005-08-25 17:01:16.000000',14.13,'4A89hr8Z55R4O5v','eiC861scU4t8Jcv'),('Oj660cdD20n4U39','2014-05-28 19:50:27.000000',15.99,'TsN47gS04088kHS','Ha2155K9G265rSG'),('Os49kcG9z1jR6nl','2013-10-22 08:01:30.000000',18.87,'G20R8KKt1843819','49w80ST3015F74b'),('OT438F841xp5wJj','2013-06-12 06:57:06.000000',11.74,'3c75y6F8bg3x223','aRl2ER45NIz6IHp'),('ozS3q621IQP2888','2009-05-07 08:56:20.000000',16.71,'T1qP6r7s9Pfe53w','f9fP1l1f85Lo69Z'),('P01jE23HvA78ZO9','2008-02-01 23:23:30.000000',13.35,'o459F50xSc832Y2','40PPX6kVW2fWOaH'),('P0784K665LF1421','2018-05-28 19:12:13.000000',14.38,'20Yg190ZuN0SgWZ','vW56qj5s8po6ttl'),('P1w7QZ8sFh40E05','2009-05-08 22:34:30.000000',7.71,'6843D2kDlBZhR9I','7151p7Mp0FSwG26'),('p2aYlE108DpB759','2017-06-01 17:19:31.000000',3.05,'0b3875851My679X','k28UdA3UCWsO14y'),('P3332u80wm0kgZx','2020-04-06 20:35:01.000000',9.85,'G20R8KKt1843819','0H35h1z14O7I5A1'),('P42590glP9h5ohg','2015-10-21 09:50:40.000000',15.63,'8Y7h9fcJ65rDBj6','1HUoE8L3UQ2FYIF'),('P43vPySn2Ib9iv8','2005-12-31 05:58:36.000000',11.41,'e1004MN5TF7X47R','4M1K3119GgbJQ4X'),('P5twdE0opU50220','2007-03-28 07:43:06.000000',2.9,'2O24G0KU04A8K91','NpfO35E7IgTQ322'),('p763S7K9v12i01y','2015-11-08 04:09:39.000000',3.58,'3nF1IYW072Ru27W','55Uh05WfCz2XMvV'),('P77M54f9zlMjh9n','2002-01-19 13:30:46.000000',8.1,'Q1t69Ov806uq91M','379H8c8qZf7P5I5'),('p7n06n2w0HZ4f6S','2003-01-04 08:51:12.000000',13.21,'1mv8ZN316KYs25W','81h7649RGcM15sS'),('P8kB5SP61eQ7274','2002-05-23 20:22:12.000000',7.22,'3NT932n8q982Aoy','C5B1W126t3Mz751'),('p9UnN924UwU580y','2010-04-16 07:28:23.000000',8.41,'44rRJ9k6ZH50241','C802qr7jy9UQg46'),('Pb8ZNoc38iUnc01','2003-05-02 18:41:30.000000',16.54,'889nL80n25i00o5','g489t2ovl58WN80'),('pdj57nG31b74785','2011-09-15 14:31:49.000000',5.3,'IlDIu9520zS9O69','42077rjC5UDGOl9'),('pGhN86b3wAoL4G4','2006-06-23 02:03:30.000000',6.15,'4Kx75734q2460R7','KC3V9G0X0mGM475'),('pJ1AQE515SIIR7S','2007-05-29 06:28:41.000000',12.28,'G41ow47nE1Q0l80','2Vn0114U3GT60V1'),('pmvcQ38F1XNxX2F','2020-01-16 14:33:31.000000',14.47,'4D7WtneJBR4SOD6','6XwB21Xr3B27T88'),('pO03an2E034gZRv','2009-12-17 21:34:27.000000',13.43,'1IM6eQZpA2J535c','1L3zZcZ70LWDb69'),('pq273Gm6yU1Hp2U','2003-10-19 08:58:19.000000',19.23,'dI607y634a00807','Q2v88ebV0Gnn39F'),('pwz6p5w0KLT8046','2014-05-22 13:32:27.000000',13.73,'4Kx75734q2460R7','725d925bk302V5E'),('q13iQGn090Jg343','2003-11-21 07:26:00.000000',16.85,'hjtA4dolx78hLZ4','Z49622n7uR7928L'),('q1P6862H01HWE40','2011-02-19 17:40:43.000000',19.87,'39881hM0A0CH6xS','80Ds57Ub3Fh64nE'),('q477P46Yty3l216','2002-07-04 03:49:11.000000',11.32,'WnM550o86rxQ5pD','342wpFiR2049I25'),('Q6613yQi232g720','2007-01-03 23:27:46.000000',3.77,'1mv8ZN316KYs25W','C802s5x1YG9755C'),('q66R3B8YTCi1mkl','2015-02-24 05:49:56.000000',17.49,'G20R8KKt1843819','lnc8Ar2le52dXmG'),('Q7n8Md10QSG4q9S','2017-10-09 04:44:05.000000',18.76,'0Y854pn0K04l28c','126XUu110CA0703'),('Q8e55228fB17FR0','2013-02-07 23:44:48.000000',3.56,'h4CD7T0639549ZG','r4Q77Q7022626rb'),('Q9I0QfC56793jlo','2003-08-23 05:17:37.000000',10.68,'9W1242RX07V212j','830DCylb5820SN3'),('qb5Q4WBmz8l37sf','2012-10-23 03:22:24.000000',13.88,'7m0v986L7dxrP3L','209z7X41Ggkl372'),('qELhPJ507Rg0263','2017-05-10 22:44:47.000000',14.4,'67d5pfXNe636jXW','cj1TuLxeItUxw1G'),('ql0wTQFZFax02p3','2003-02-23 15:55:42.000000',18.91,'6c1UkRa16708qB3','R0m5gH8800G0KH2'),('qr9n20t2098B809','2010-05-20 19:00:33.000000',13.06,'8285109gk7aE643','x17C5I42k637a45'),('qt3UDr8887G9p50','2020-09-09 08:45:41.000000',19.82,'H5PcLEj59451C93','98C7wrf74jKUUsT'),('QwO0pw7201YQ855','2011-08-18 10:02:24.000000',10.46,'H5PcLEj59451C93','4978Y175752B909'),('r1530B3w30887V8','2020-12-09 03:24:02.000000',10.25,'RVPxC4E156u202C','C2OkGk082V9tXE6'),('R1Ul03w7531L0F0','2011-01-14 09:58:49.000000',13.16,'20Yg190ZuN0SgWZ','Ux3cD39Z5563P47'),('R3m75919oior3z5','2012-08-02 06:04:51.000000',10.92,'Hl8xZMHTGbWd173','zr9cwX84XctJK0R'),('R3MzY335n7CoSH1','2011-12-24 15:04:40.000000',11.08,'TsN47gS04088kHS','Q5l2Wd0008k73DI'),('r5w1730b09Ia121','2007-04-29 22:33:00.000000',6.81,'T1qP6r7s9Pfe53w','g9zB6FPc549Q1U2'),('r60syb6Ib3g7943','2002-11-07 09:18:36.000000',6.03,'20Yg190ZuN0SgWZ','52uTozX39NjdA88'),('r75qoPWUC7i3P5N','2007-01-27 04:08:57.000000',12.81,'4m3905WDM86447a','nj81y4s4MGWk3B8'),('rCn77LBGx4l3Y18','2020-01-03 01:58:54.000000',11.6,'V26lZ9H49z3i3u3','Y0l83B3352qP54o'),('RFFqFBSNWn13X8K','2013-03-09 21:40:44.000000',8.28,'87k3UNI3yaOG40a','8Mqq2l0P348cuuL'),('rIZeEnl1zvu674s','2005-10-16 06:50:49.000000',4.23,'l89Y44f6g32Fv94','aRl2ER45NIz6IHp'),('rj1263GuIdfat66','2017-01-06 11:46:41.000000',3.47,'piw7N85Q54a92n9','8ouUSSkW7B34189'),('RKh461811ef8YQs','2008-09-23 13:07:37.000000',3.8,'o459F50xSc832Y2','f9fP1l1f85Lo69Z'),('rL9y3tj031587cs','2000-10-22 00:09:58.000000',15.89,'20Yg190ZuN0SgWZ','hva70fx52mR1XCq'),('rm09VcAin2Q44ip','2018-10-27 23:39:40.000000',13.55,'3193T6Q1233MS8V','tZ7FM18o7sIT005'),('rn8p347u54c4168','2007-08-12 14:59:24.000000',4.89,'1IM6eQZpA2J535c','44OckO760wXit8L'),('RqZ65230jq2p7EA','2017-06-19 20:24:35.000000',18.2,'1IM6eQZpA2J535c','m3k09L3xShsihY4'),('rtq7u3R54665R1i','2005-02-26 05:18:27.000000',14.92,'124XAyQ7xZ1433F','JJ23f211ZK208DL'),('ru2lO0P29BWX160','2015-10-21 11:01:04.000000',2.99,'52D56M10m75oSL6','Onov28zr8TE94Ou'),('ru94N5sT8049792','2013-01-24 21:44:02.000000',18.87,'mm8Z4NBO99Bm06F','21550FYrB34TYN2'),('rW360y1H4ZuVIu2','2011-07-02 18:52:14.000000',7.84,'TsN47gS04088kHS','94I34L2SHsb34gr'),('RZ3jb0Z5QF7977w','2016-10-24 16:01:07.000000',18.15,'9dT0t2nBU9OmI6n','77itE0TN0wudd7m'),('S487r2810L0988j','2020-07-17 18:37:35.000000',11,'vu9WRGaAx56T8bR','77itE0TN0wudd7m'),('S4n99d152pse88A','2000-05-05 11:45:54.000000',11.56,'1mv8ZN316KYs25W','JE53b481f4poS34'),('s63cw57aaMwKOeQ','2005-11-18 15:23:57.000000',15.18,'4D7WtneJBR4SOD6','kgV6J1g74750U5e'),('S844P6Re3xopc73','2000-01-09 23:31:20.000000',11.16,'65k0mhD458sjjZq','lo7a0Y3K7Y43S9S'),('S8V5xjR992Qy36s','2005-01-22 21:23:07.000000',17.28,'G20R8KKt1843819','HH5y34eC7qk851u'),('S8W8aSp09dq7154','2006-07-09 09:07:18.000000',6.2,'0b3875851My679X','N62Ayf6P05918V2'),('s9fxgl1o8iX6z33','2017-11-15 04:41:13.000000',18.85,'Y198Rwb719C3XyS','X0e903T1ifP22YN'),('S9HWQ73ENhVU10b','2001-11-05 18:56:55.000000',11.42,'i8kldNzf9n7jD72','orfsYag1h85P734'),('s9RqK50tUmg285l','2012-12-15 14:43:22.000000',13.17,'2O24G0KU04A8K91','0X02N7Jxcf60KMo'),('sblx2cax4u4W963','2002-03-05 14:06:40.000000',2.64,'30pD52p911aBO5H','d5LDCO298MIdYru'),('SE75wDH51NqrIXb','2011-03-11 17:45:43.000000',19.37,'O0g20f915F42WPJ','SYG4398Etbj4IV7'),('setvV9176z13wl5','2013-11-08 01:47:55.000000',6.84,'Y198Rwb719C3XyS','trQF6UVr127SxY9'),('Sf2yG61252xXQU1','2010-04-29 20:04:55.000000',14.54,'o459F50xSc832Y2','54Zn3S56q5DcZx1'),('sg2nnO77X16STJE','2003-05-12 07:57:06.000000',11.76,'e1004MN5TF7X47R','U523HA843nXf1he'),('SI4X8827Q0T2P5q','2009-02-07 17:18:23.000000',4.83,'h4CD7T0639549ZG','nf64Ug4x46twM99'),('Sk8pCp6ecN1z975','2010-12-20 10:42:01.000000',19.17,'l89Y44f6g32Fv94','75d4V7j72AY8Y9b'),('SK8y0krzkYd0Xrw','2008-09-13 14:17:34.000000',15.08,'30pD52p911aBO5H','u9zO8IH44Nd8Ky2'),('slb9S3687P1410W','2019-09-17 20:35:11.000000',11.3,'3193T6Q1233MS8V','h37b3j2FVOsKi47'),('sx3E0D69dr311kr','2011-02-03 23:14:52.000000',15.43,'20Yg190ZuN0SgWZ','34vO9659UI31uIk'),('T11720G26k5t3Fu','2001-02-25 07:24:03.000000',19.46,'TsN47gS04088kHS','Br474a8Fpld47Jn'),('t252762NhjR3oF8','2020-08-01 12:15:54.000000',13.91,'o459F50xSc832Y2','3FS49zIA5N9XDK3'),('t2Nu54963f14438','2019-03-23 09:41:24.000000',13.74,'dI607y634a00807','F9EB6f95jF985FT'),('T341870v66nQ1d7','2015-01-23 03:18:15.000000',9.41,'QAj0pxZJ28oF5O1','v072006wdz62m0g'),('t4noNxg120U9Tt5','2003-07-24 06:38:13.000000',10.35,'Hl8xZMHTGbWd173','S9Xt09B1d1q6nno'),('T5276AH1V9T28E7','2013-01-09 03:48:22.000000',7.15,'IlDIu9520zS9O69','9z39E3mxueSu90l'),('t677z9G2S21B713','2014-09-02 02:04:03.000000',16.51,'4D7WtneJBR4SOD6','7I3480UbC38on49'),('T7e22gI2e15LY2W','2007-12-12 00:32:06.000000',11.81,'4Kx75734q2460R7','ED715U81ducYd3d'),('T7SMEAuc0HB3Lo4','2016-06-17 03:35:59.000000',2.15,'G41ow47nE1Q0l80','8J2k0o7dc7j6T66'),('t93C3805509tJYF','2012-09-02 11:22:26.000000',17.72,'IlDIu9520zS9O69','g8n98aC8wYH9s51'),('t95z6q2i4o9481C','2004-10-05 01:53:03.000000',12.17,'At44156158l64vo','6769xB8f047tqR7'),('t96D87p6o1O3ikd','2011-03-19 23:11:21.000000',18.86,'1mv8ZN316KYs25W','G707Aa58872712e'),('Tr716ysz3346x4I','2019-03-21 09:43:36.000000',17.71,'6324cH2b515J4y2','7r7DedDHgH27MM9'),('tXx7YrB00a5803u','2012-04-09 06:56:58.000000',12.44,'r19rz017v07tQ9k','B778g3o7754Oy5s'),('tyy6I1A96613T26','2006-02-05 12:19:37.000000',18.4,'889nL80n25i00o5','trdQ70drS7ASql8'),('u098F7Js6W65b0A','2004-11-08 01:06:14.000000',18.58,'8285109gk7aE643','19G1806Zy25S24m'),('U36KowCc2861j6e','2020-08-11 07:27:59.000000',3.8,'h4CD7T0639549ZG','15Qr9K9E61N26uR'),('U3E022VNt8r4Xy5','2021-05-16 04:10:45.000000',11.89,'8Y7h9fcJ65rDBj6','66uW4a9037ew613'),('U5377KAQ0o2n9qg','2017-05-24 05:45:47.000000',10.24,'TsN47gS04088kHS','z8kPH4b145733zU'),('u734f4i7a1268u4','2007-05-25 07:23:11.000000',6.04,'69eBvk30r9ww72r','D7f2hZcmev5tT8t'),('u78xMn34tG4V7q3','2010-12-30 12:05:02.000000',13.93,'piw7N85Q54a92n9','6245SP4fE36MywA'),('u8r1Q9g2ji988sK','2003-12-30 11:17:55.000000',3.85,'07855cr60P8O3N9','516z08tqOSr3iN1'),('U98gn920V12A70Y','2003-03-16 04:00:56.000000',10.07,'hjtA4dolx78hLZ4','4wS2L5U10313qnl'),('uazFN165PE91H3e','2010-02-07 18:48:20.000000',9.41,'6843D2kDlBZhR9I','Cfc61oY59138529'),('Uciwo5gU30BC245','2013-04-29 13:26:38.000000',16.48,'mm8Z4NBO99Bm06F','3LHc6407pxx1979'),('uCt7O9a3279yGah','2015-11-09 03:37:39.000000',14.46,'6843D2kDlBZhR9I','G707Aa58872712e'),('ud441d5A3caD7o7','2021-03-23 02:54:01.000000',19.25,'30pD52p911aBO5H','ZjVbB2g555526mu'),('UHA709ZN6RQRyZ6','2007-04-25 20:02:11.000000',7.89,'Rq4x9fi59R5qShp','m495EXP29614y29'),('Ur810G9520It60I','2014-08-02 09:15:54.000000',5.03,'69eBvk30r9ww72r','OvwSfm9LkNu8h7g'),('USK70a2Pk6Gjmf4','2014-12-17 08:56:58.000000',17.77,'938v482k92Ry3sJ','0Xm6S0168j490Ac'),('UUPygXsU564zCWR','2008-02-21 04:58:45.000000',16.98,'421u79reNysyj3W','2b7u619H3889X7Y'),('UVcY4jR35e2e460','2011-12-06 09:57:20.000000',12.98,'Q1t69Ov806uq91M','7I3480UbC38on49'),('UVT88062567t1SV','2017-12-01 02:48:13.000000',11.87,'r19rz017v07tQ9k','eiC861scU4t8Jcv'),('uz0ODr27152D4O2','2010-08-24 13:47:32.000000',3,'G41ow47nE1Q0l80','921K8yHmuDeO64X'),('V00Meg0q9t01T9Q','2008-01-30 14:22:26.000000',5.64,'07855cr60P8O3N9','W2Xnj3Zel1Q1Uu3'),('V241Q5e69at3YZ3','2009-02-06 15:11:55.000000',4.33,'699E5bnO42500J0','471g8F7gs860hMZ'),('V2e58Td89Hzc060','2002-04-24 11:28:17.000000',17.76,'0Y854pn0K04l28c','DTDB7BJI4xdf6kU'),('V51X363f47OS187','2012-08-05 19:56:01.000000',10.79,'124XAyQ7xZ1433F','NA98iLWw8G3LGJ8'),('v7lS8D23zh6QB39','2001-07-20 04:13:06.000000',13.33,'O0g20f915F42WPJ','1zo86S422lgCSA5'),('V8uFEfxx25A9bYZ','2015-12-09 20:07:36.000000',19.01,'G20R8KKt1843819','r78E73333jW7Q1B'),('vdK31B5A4j6D414','2000-02-27 15:32:13.000000',11.55,'1mv8ZN316KYs25W','U7kj0848u62E072'),('VIvANs29t5067m6','2000-10-02 06:04:59.000000',16.7,'7m0v986L7dxrP3L','z76H174Xc5641EN'),('vm9N529DU89n03N','2021-01-09 21:16:19.000000',17.61,'9W1242RX07V212j','EmgK2068i4DS062'),('VNq7fyd42c7923L','2000-10-20 14:08:54.000000',5.01,'3nF1IYW072Ru27W','R1X4418DI6DvU23'),('VR8Aa81jW98899u','2000-09-02 16:47:33.000000',3.85,'G20R8KKt1843819','1HUoE8L3UQ2FYIF'),('vS23y78Fp3u6r75','2019-08-03 13:59:00.000000',14.03,'n714pqFx813vOU3','O73m498766U40Sv'),('VV2z919QVhEUc7I','2019-12-31 14:22:50.000000',5.08,'4A89hr8Z55R4O5v','09S33j95fV747bp'),('Vvmt8L6A76hpHl9','2009-09-03 17:07:47.000000',8.43,'RVPxC4E156u202C','O5N9s2TM0wje94D'),('vY8Zzk8O2961Z84','2012-08-11 05:59:17.000000',14.74,'07855cr60P8O3N9','730D1O2atu5mwK2'),('w04m6k18oeU4512','2001-03-13 15:41:16.000000',7.37,'QAj0pxZJ28oF5O1','98Cgnu7D6me84G1'),('w386vQ0KvFz4wDw','2011-09-27 04:20:21.000000',11.52,'87k3UNI3yaOG40a','E7U80y8G896duE9'),('W5sf9Qov81jAZ1A','2015-01-23 01:03:59.000000',3.71,'8285109gk7aE643','3qQ22uG1579635Q'),('w6043RQDT9q5LFy','2008-12-25 15:56:55.000000',6.23,'39881hM0A0CH6xS','L7O2nR9922Ze97w'),('w61Gffg70N78Mn9','2003-01-26 23:04:11.000000',15.77,'65k0mhD458sjjZq','1Q9A2G27q55xO51'),('w7030WM69482NA5','2007-11-10 00:41:29.000000',6.89,'124XAyQ7xZ1433F','qBm0ol357057M7u'),('w89E2D764WQ7E10','2006-09-11 02:48:11.000000',13.73,'1mv8ZN316KYs25W','k28UdA3UCWsO14y'),('w9yyk11v3Q1660q','2016-12-08 09:13:28.000000',8.38,'hjtA4dolx78hLZ4','H0Dv3773n0k08N6'),('WCX0I9gZ4ncn7m8','2001-03-09 10:55:13.000000',12.33,'44rRJ9k6ZH50241','U6W4J20eiVd7078'),('WEcQT611o8736jA','2009-06-29 17:01:11.000000',7.36,'67d5pfXNe636jXW','t68vA4163x1U91r'),('WiW8F3h03xuB2d8','2008-02-17 09:23:37.000000',6,'0b3875851My679X','8A6HR8Th2fW7NpQ'),('wJ62TOP52gRh5Xh','2005-08-20 22:54:22.000000',8.18,'8285109gk7aE643','cq719W48OVR0Sii'),('wo0h1424k589p18','2016-05-29 07:34:43.000000',11.19,'Rq4x9fi59R5qShp','P573La6L1J97Ubp'),('WP56o391Nn0oY94','2018-06-01 06:17:42.000000',9.56,'YEJNzK6mXm1hc02','wa19748JeT430S1'),('wp9P795dj76bxUG','2002-04-14 12:13:37.000000',10.21,'6324cH2b515J4y2','JH5x96to3l5G88Q'),('wPQ59716151t7m3','2021-10-01 12:49:46.000000',16.5,'6324cH2b515J4y2','C2OkGk082V9tXE6'),('WuuGVZQ4l3rx44M','2002-01-04 08:34:04.000000',4.8,'3nF1IYW072Ru27W','0A74E47x1qMCB5z'),('wwvZM6y31xPj3Xw','2001-11-09 21:06:22.000000',10.74,'9dT0t2nBU9OmI6n','29e246230by4Q9B'),('X023p5Bq0U7N6B5','2018-05-14 18:21:54.000000',10.59,'938v482k92Ry3sJ','53q654SM9Q4rsia'),('X2EY3464f9Z160E','2020-06-12 14:56:27.000000',15.37,'Y198Rwb719C3XyS','l8tQ50055hM6341'),('X37IVM7yc9b468A','2011-12-16 22:32:18.000000',16.66,'dI607y634a00807','0e4EHXP367gBPz9'),('x4384Zjo2Onfo1P','2021-07-20 19:55:13.000000',17.25,'Rq4x9fi59R5qShp','u7045R73fm3OB23'),('X6g77AvQ72J7k6j','2007-06-30 08:35:36.000000',15.8,'699E5bnO42500J0','I3dj308fU4oeBS5'),('X796oqBxwKQmb46','2000-05-04 07:25:08.000000',4.78,'4A89hr8Z55R4O5v','66uW4a9037ew613'),('X89V8j7rseh3Uu3','2015-04-08 05:48:42.000000',6.37,'69eBvk30r9ww72r','8871FCUvM19iL23'),('x98603cg5A6C074','2002-06-17 14:57:26.000000',5,'3nF1IYW072Ru27W','z3W3VF252li4O10'),('XanHEzQ465IgB5g','2003-07-18 07:26:18.000000',7.06,'87k3UNI3yaOG40a','4u697724Q29Mel1'),('XD362tvXu4L9T88','2021-05-04 17:40:56.000000',15.54,'8Y7h9fcJ65rDBj6','Onov28zr8TE94Ou'),('xe1c59996NGEl56','2003-03-28 07:46:43.000000',16,'Hl8xZMHTGbWd173','rd5Z900d95X8o32'),('xGXfJP5yE35v3dj','2012-08-02 00:26:25.000000',4.07,'699E5bnO42500J0','r6568H6L2400ui6'),('XIs0F0d7Ma3IL19','2020-03-17 20:33:27.000000',13.21,'9dT0t2nBU9OmI6n','7IT59c9P7gY6EEt'),('xLE6f7W79pmB7X7','2014-10-07 16:43:02.000000',8.09,'30pD52p911aBO5H','Y81345Ni7xn2c15'),('xNXo2r2W9LA6hC3','2021-09-14 14:56:00.000000',8.21,'30pD52p911aBO5H','32BD047S0x9972u'),('xT5W26wcJC655W8','2001-03-17 08:17:35.000000',11.7,'At44156158l64vo','dp5n4N7Tr609i2Z'),('XU09n4du77666Q9','2020-11-10 05:26:30.000000',16.38,'QAj0pxZJ28oF5O1','b303Qtj5T89uB61'),('xx2K2QiR8F4Oz43','2012-01-05 13:54:47.000000',11.92,'dI607y634a00807','oMr4Gu9U0fWS7YB'),('Y289d2hEX0JkIRH','2018-11-09 17:45:53.000000',9.14,'35Wt11kRtXt02CO','WNH18ldc5O6581H'),('Y41M1mq768mZD0C','2012-12-25 04:03:52.000000',12.04,'87k3UNI3yaOG40a','alem4403dsM7551'),('Y6n0oxZ3RVdpu8Q','2011-03-27 13:06:29.000000',5.66,'35Wt11kRtXt02CO','P683Kp6q202y6qT'),('y8xIH4YrnI09m17','2010-11-05 16:29:13.000000',3.09,'8f91m4CZ8Gxvjgt','d98mCz6YSLc29s4'),('Y9725366JCkd0lx','2016-08-06 02:47:20.000000',5.96,'3c75y6F8bg3x223','Pa6r3lA9n0Uyr05'),('yh8l0229dtGMOA2','2008-11-12 11:53:16.000000',9.45,'35Wt11kRtXt02CO','z7a0773FCDcIr9i'),('yi77goAf3d86GU2','2020-02-17 13:48:31.000000',5.97,'20Yg190ZuN0SgWZ','1612t723qS05XE0'),('Yi9WV4225yVb971','2019-01-05 17:06:33.000000',10.39,'H5PcLEj59451C93','k6V9z5vV8Z7513J'),('YJ7290pA5L41sh1','2018-12-16 21:19:57.000000',14.53,'IMY64AioW5p2H52','c235NCcz6j1342X'),('Yk0qw64Y607Q27K','2010-06-16 18:03:28.000000',3.13,'G41ow47nE1Q0l80','G40X78Eut8B1h8u'),('YK991y4b7O4w7sp','2004-03-28 20:44:31.000000',19.5,'TsN47gS04088kHS','69misxYV1AovEI4'),('yks0AA5k9579936','2003-07-07 19:46:21.000000',19.38,'WnM550o86rxQ5pD','c45frK51a5hB1y7'),('YO9osgAu6E0Od4n','2002-02-21 11:59:12.000000',8.23,'8285109gk7aE643','bH33M198y8L0j2P'),('ypO16h6ic24Ri11','2014-11-17 10:56:18.000000',11.63,'Q1t69Ov806uq91M','4ApXcRAw177V134'),('yRD006ml6029Sf5','2013-10-08 01:25:49.000000',10.46,'Q1t69Ov806uq91M','45E35KlK7194l51'),('Yv9n28jtb35WUvQ','2019-08-29 17:30:28.000000',6.37,'6843D2kDlBZhR9I','77saD32n55532D8'),('YvP477412Hy40Q4','2015-11-22 04:44:44.000000',8.97,'0b3875851My679X','L7H7iV180793UH5'),('YZQtc68F9ahz6QF','2010-10-17 20:31:50.000000',12.85,'65k0mhD458sjjZq','PY8oN4D9198E0eB'),('z02Q5H5D355hMuw','2008-06-09 15:23:57.000000',15.42,'dI607y634a00807','37zCYw51R1P3mT3'),('Z23q60BtPO9gt65','2011-11-03 17:21:48.000000',17.06,'699E5bnO42500J0','p5565316XWWGUC2'),('z2uN512R7T61ul8','2019-12-24 13:21:29.000000',4.38,'Hl8xZMHTGbWd173','6XwB21Xr3B27T88'),('z3129D79BdFe0sI','2010-04-22 04:58:58.000000',8.79,'124XAyQ7xZ1433F','19TS48rs912vdM3'),('Z35886Yp3B2Bx82','2005-05-29 23:49:52.000000',14.28,'G20R8KKt1843819','h0e0019sxomj6jI'),('Z569f2QImW3l0Sl','2010-08-30 23:19:44.000000',11.24,'V26lZ9H49z3i3u3','83z5LSpGa97469f'),('z710Zm7ys9213g7','2019-11-10 16:38:10.000000',18.12,'YEJNzK6mXm1hc02','Y8st0de178z22g8'),('z768893lR51r9iq','2016-02-02 09:39:34.000000',15.13,'4Kx75734q2460R7','qBm0ol357057M7u'),('Z796TBoAZFBmQ30','2008-10-28 22:20:40.000000',13.51,'vu9WRGaAx56T8bR','3Es4R1z960n01dA'),('z7zf2t20D1p6IZ9','2012-06-26 01:36:09.000000',15.38,'YEJNzK6mXm1hc02','3U6U25s82T19Esc'),('z85A21QxIZ5pFrS','2008-02-08 15:37:57.000000',12.43,'Rq4x9fi59R5qShp','EGh34Wf76411q2U'),('z9309y2LdR6l0C4','2001-11-09 06:33:00.000000',16.47,'67d5pfXNe636jXW','573IiXt0J9tv905'),('z94As4g67fF0bok','2016-11-12 01:29:01.000000',2.11,'hjtA4dolx78hLZ4','44SlR3FL7yF9t90'),('ZbF2p525TjNW2a9','2010-01-28 21:14:28.000000',7.15,'Y198Rwb719C3XyS','GlKKG04iX2l72bK'),('zKrD389P6a7taOg','2021-06-28 15:59:12.000000',6.64,'YEJNzK6mXm1hc02','n7x0A646W8JQ38P'),('zTQ615A136J35eX','2014-03-26 15:26:54.000000',9.52,'Hl8xZMHTGbWd173','W4e457o11x5898j'),('zuu0L73hPGZ36p8','2013-05-20 18:24:41.000000',18.57,'6324cH2b515J4y2','8y6824c51J0irL9'),('zXKx58AN8BTrw38','2009-09-10 14:35:21.000000',4.55,'0b3875851My679X','79i7B1ziT7Ce664');
/*!40000 ALTER TABLE `Passes` ENABLE KEYS */;
UNLOCK TABLES;

--
-- Table structure for table `Stations`
--

DROP TABLE IF EXISTS `Stations`;
/*!40101 SET @saved_cs_client     = @@character_set_client */;
/*!40101 SET character_set_client = utf8 */;
CREATE TABLE `Stations` (
  `id` varchar(30) NOT NULL,
  `stationName` varchar(30) DEFAULT NULL,
  `OperatorId` varchar(30) DEFAULT NULL,
  PRIMARY KEY (`id`),
  UNIQUE KEY `stationName` (`stationName`),
  KEY `OperatorId` (`OperatorId`),
  CONSTRAINT `Stations_ibfk_1` FOREIGN KEY (`OperatorId`) REFERENCES `Operators` (`id`) ON DELETE SET NULL ON UPDATE CASCADE
) ENGINE=InnoDB DEFAULT CHARSET=latin1;
/*!40101 SET character_set_client = @saved_cs_client */;

--
-- Dumping data for table `Stations`
--

LOCK TABLES `Stations` WRITE;
/*!40000 ALTER TABLE `Stations` DISABLE KEYS */;
INSERT INTO `Stations` VALUES ('07855cr60P8O3N9','U993','WV7J'),('0b3875851My679X','N803','JNI9'),('0Y854pn0K04l28c','A540','NLLG'),('124XAyQ7xZ1433F','M451','1VYY'),('1IM6eQZpA2J535c','Q129','WV7J'),('1mv8ZN316KYs25W','K993','NLLG'),('20Yg190ZuN0SgWZ','G389','NLLG'),('2O24G0KU04A8K91','P276','WV7J'),('30pD52p911aBO5H','Y306','NLLG'),('3193T6Q1233MS8V','E698','1G5N'),('35Wt11kRtXt02CO','I406','NJO4'),('39881hM0A0CH6xS','F719','SXNF'),('3c75y6F8bg3x223','P390','1VYY'),('3nF1IYW072Ru27W','I603','1VYY'),('3NT932n8q982Aoy','X396','NJO4'),('421u79reNysyj3W','K578','WV7J'),('44rRJ9k6ZH50241','E512','WV7J'),('4A89hr8Z55R4O5v','A836','NLLG'),('4D7WtneJBR4SOD6','A675','SXNF'),('4Kx75734q2460R7','B259','1VYY'),('4m3905WDM86447a','M329','JNI9'),('52D56M10m75oSL6','X637','1G5N'),('6324cH2b515J4y2','R121','NLLG'),('65k0mhD458sjjZq','L106','JNI9'),('67d5pfXNe636jXW','L618','1VYY'),('6843D2kDlBZhR9I','M141','1G5N'),('699E5bnO42500J0','Y748','NLLG'),('69eBvk30r9ww72r','U702','SXNF'),('6c1UkRa16708qB3','D881','SXNF'),('7m0v986L7dxrP3L','J863','1VYY'),('8285109gk7aE643','A737','1G5N'),('87k3UNI3yaOG40a','J736','1VYY'),('889nL80n25i00o5','D282','SXNF'),('8e161Xx14RCXXsb','W230','NJO4'),('8f91m4CZ8Gxvjgt','R814','NJO4'),('8Y7h9fcJ65rDBj6','U517','WV7J'),('938v482k92Ry3sJ','U630','NLLG'),('9dT0t2nBU9OmI6n','J575','SXNF'),('9W1242RX07V212j','F392','1G5N'),('AO00','aodos tolls station 00','SXNF'),('AO01','aodos tolls station 01','SXNF'),('AO02','aodos tolls station 02','SXNF'),('AO03','aodos tolls station 03','SXNF'),('AO04','aodos tolls station 04','SXNF'),('AO05','aodos tolls station 05','SXNF'),('AO06','aodos tolls station 06','SXNF'),('AO07','aodos tolls station 07','SXNF'),('AO08','aodos tolls station 08','SXNF'),('AO09','aodos tolls station 09','SXNF'),('AO10','aodos tolls station 10','SXNF'),('AO11','aodos tolls station 11','SXNF'),('AO12','aodos tolls station 12','SXNF'),('AO13','aodos tolls station 13','SXNF'),('AO14','aodos tolls station 14','SXNF'),('AO15','aodos tolls station 15','SXNF'),('AO16','aodos tolls station 16','SXNF'),('AO17','aodos tolls station 17','SXNF'),('AO18','aodos tolls station 18','SXNF'),('AO19','aodos tolls station 19','SXNF'),('At44156158l64vo','P542','NLLG'),('dI607y634a00807','F619','NLLG'),('e1004MN5TF7X47R','M236','1G5N'),('EG00','egnatia tolls station 00','1G5N'),('EG01','egnatia tolls station 01','1G5N'),('EG02','egnatia tolls station 02','1G5N'),('EG03','egnatia tolls station 03','1G5N'),('EG04','egnatia tolls station 04','1G5N'),('EG05','egnatia tolls station 05','1G5N'),('EG06','egnatia tolls station 06','1G5N'),('EG07','egnatia tolls station 07','1G5N'),('EG08','egnatia tolls station 08','1G5N'),('EG09','egnatia tolls station 09','1G5N'),('EG10','egnatia tolls station 10','1G5N'),('EG11','egnatia tolls station 11','1G5N'),('EG12','egnatia tolls station 12','1G5N'),('G20R8KKt1843819','W405','JNI9'),('G41ow47nE1Q0l80','I614','1G5N'),('GF00','gefyra tolls station 00','NJO4'),('h4CD7T0639549ZG','U384','SXNF'),('H5PcLEj59451C93','C181','1VYY'),('hjtA4dolx78hLZ4','I597','WV7J'),('Hl8xZMHTGbWd173','W950','SXNF'),('i8kldNzf9n7jD72','B224','1G5N'),('IlDIu9520zS9O69','L333','WV7J'),('IMY64AioW5p2H52','F290','SXNF'),('K7V15d1L7gp1B38','L911','JNI9'),('KO00','kentriki_odos tolls station 00','JNI9'),('KO01','kentriki_odos tolls station 01','JNI9'),('KO02','kentriki_odos tolls station 02','JNI9'),('KO03','kentriki_odos tolls station 03','JNI9'),('KO04','kentriki_odos tolls station 04','JNI9'),('KO05','kentriki_odos tolls station 05','JNI9'),('KO06','kentriki_odos tolls station 06','JNI9'),('KO07','kentriki_odos tolls station 07','JNI9'),('KO08','kentriki_odos tolls station 08','JNI9'),('KO09','kentriki_odos tolls station 09','JNI9'),('l89Y44f6g32Fv94','R505','NJO4'),('mm8Z4NBO99Bm06F','E758','WV7J'),('MR00','moreas tolls station 00','WV7J'),('MR01','moreas tolls station 01','WV7J'),('MR02','moreas tolls station 02','WV7J'),('MR03','moreas tolls station 03','WV7J'),('MR04','moreas tolls station 04','WV7J'),('MR05','moreas tolls station 05','WV7J'),('MR06','moreas tolls station 06','WV7J'),('MR07','moreas tolls station 07','WV7J'),('MR08','moreas tolls station 08','WV7J'),('n714pqFx813vOU3','C534','1VYY'),('NE00','nea_odos tolls station 00','NLLG'),('NE01','nea_odos tolls station 01','NLLG'),('NE02','nea_odos tolls station 02','NLLG'),('NE03','nea_odos tolls station 03','NLLG'),('NE04','nea_odos tolls station 04','NLLG'),('NE05','nea_odos tolls station 05','NLLG'),('NE06','nea_odos tolls station 06','NLLG'),('NE07','nea_odos tolls station 07','NLLG'),('NE08','nea_odos tolls station 08','NLLG'),('NE09','nea_odos tolls station 09','NLLG'),('NE10','nea_odos tolls station 10','NLLG'),('NE11','nea_odos tolls station 11','NLLG'),('NE12','nea_odos tolls station 12','NLLG'),('NE13','nea_odos tolls station 13','NLLG'),('NE14','nea_odos tolls station 14','NLLG'),('NE15','nea_odos tolls station 15','NLLG'),('NE16','nea_odos tolls station 16','NLLG'),('O0g20f915F42WPJ','K974','NJO4'),('o459F50xSc832Y2','Q537','JNI9'),('OO00','olympia_odos tolls station 00','1VYY'),('OO01','olympia_odos tolls station 01','1VYY'),('OO02','olympia_odos tolls station 02','1VYY'),('OO03','olympia_odos tolls station 03','1VYY'),('OO04','olympia_odos tolls station 04','1VYY'),('OO05','olympia_odos tolls station 05','1VYY'),('OO06','olympia_odos tolls station 06','1VYY'),('OO07','olympia_odos tolls station 07','1VYY'),('OO08','olympia_odos tolls station 08','1VYY'),('OO09','olympia_odos tolls station 09','1VYY'),('OO10','olympia_odos tolls station 10','1VYY'),('OO11','olympia_odos tolls station 11','1VYY'),('OO12','olympia_odos tolls station 12','1VYY'),('OO13','olympia_odos tolls station 13','1VYY'),('piw7N85Q54a92n9','V523','JNI9'),('Q1t69Ov806uq91M','D453','SXNF'),('QAj0pxZJ28oF5O1','W779','JNI9'),('r19rz017v07tQ9k','V376','JNI9'),('Rq4x9fi59R5qShp','F213','1G5N'),('RVPxC4E156u202C','Q669','1VYY'),('T1qP6r7s9Pfe53w','V142','JNI9'),('TsN47gS04088kHS','Y441','NJO4'),('V26lZ9H49z3i3u3','S897','NJO4'),('vu9WRGaAx56T8bR','M860','1G5N'),('WnM550o86rxQ5pD','A467','NJO4'),('Y198Rwb719C3XyS','B777','WV7J'),('YEJNzK6mXm1hc02','H229','NJO4');
/*!40000 ALTER TABLE `Stations` ENABLE KEYS */;
UNLOCK TABLES;

--
-- Table structure for table `Tags`
--

DROP TABLE IF EXISTS `Tags`;
/*!40101 SET @saved_cs_client     = @@character_set_client */;
/*!40101 SET character_set_client = utf8 */;
CREATE TABLE `Tags` (
  `id` varchar(30) NOT NULL,
  `credits` double DEFAULT NULL,
  `OperatorId` varchar(30) DEFAULT NULL,
  `VehicleId` varchar(30) DEFAULT NULL,
  PRIMARY KEY (`id`),
  KEY `OperatorId` (`OperatorId`),
  KEY `VehicleId` (`VehicleId`),
  CONSTRAINT `Tags_ibfk_1` FOREIGN KEY (`OperatorId`) REFERENCES `Operators` (`id`) ON DELETE SET NULL ON UPDATE CASCADE,
  CONSTRAINT `Tags_ibfk_2` FOREIGN KEY (`VehicleId`) REFERENCES `Vehicles` (`id`) ON DELETE SET NULL ON UPDATE CASCADE
) ENGINE=InnoDB DEFAULT CHARSET=latin1;
/*!40101 SET character_set_client = @saved_cs_client */;

--
-- Dumping data for table `Tags`
--

LOCK TABLES `Tags` WRITE;
/*!40000 ALTER TABLE `Tags` DISABLE KEYS */;
INSERT INTO `Tags` VALUES ('0000o1245792n9Y',52.66,'1VYY','JQ5B001E25AJQu4'),('00L5y85lkoYnTij',33.76,'JNI9','KIVHm5KZ4c1x3B1'),('00QpssG900839K3',10.81,'JNI9','614Z60ar59H31Bv'),('00Y53929e37t40n',3.17,'WV7J','173D55axuQc75Q4'),('017G1nNO7Q62671',14.09,'JNI9','4r0229841377jP9'),('01L861568fg230t',66.57,'1G5N','3yR8F47TGuL154S'),('02I1Ji3v61Aj6Ks',3.79,'1G5N','63423364TYhV9tq'),('02W1xa29tl6X7Qk',21.32,'NJO4','LH392x38o873j8C'),('02YMxfc02iFV155',26.04,'1VYY','z7GGF4g7RY925Fb'),('03676I89b45ks8O',27.07,'WV7J','80CCOdZb8ba8JGH'),('05126Kb3E06M125',65.47,'SXNF','308a747N6dd6P90'),('068P988Dl1B72Z5',44.71,'1VYY','Ss46L699gJ7z4iG'),('085Y66p88O5t439',66.98,'1VYY','Gf302lu99W8Cp2x'),('08JC1GC0CZ66TI2',46.57,'1G5N','D7270KIUW42dM75'),('08k292ki4172Is7',65.57,'SXNF','LH392x38o873j8C'),('08QWY6y8lHV34n3',17.43,'NJO4','Q3H2h97co8t30A2'),('08UZ7s4s3Qw0666',42.91,'1VYY','4gj525Y86K8q1q6'),('0969d41689Hex8b',47.38,'NLLG','uX34y8n5ajbDCm7'),('09S33j95fV747bp',0.3,'1VYY','0G0536zSg1qcXy0'),('09Uas72644CT972',60.07,'JNI9','8r2se05uZ5jo2k5'),('0A74E47x1qMCB5z',56.26,'SXNF','E18i8M285pM8dEV'),('0BbeNjF739D580J',33.36,'SXNF','T803LwMHW91Ss7f'),('0CKl51vRDZwL062',18.36,'1VYY','1MA3EMq48eV8853'),('0d19Z89u645V7m6',19.16,'NJO4','b314540UD8859YO'),('0e4EHXP367gBPz9',4.65,'WV7J','0y893snvW6Y79J0'),('0H35h1z14O7I5A1',26.88,'1VYY','5W2714Q757540dH'),('0i1DDV0x99woIFr',67.8,'NJO4','9PTH9kvEP15pt05'),('0I339O01w2QIyQW',9.79,'SXNF','8408d78994829lo'),('0jg5f2AEXVc4T72',66.6,'SXNF','6Q66C5E9U70M094'),('0O5Ku79xquzB04J',7,'JNI9','n329r8u6g3u5gE4'),('0p6J38K14N1t783',5.36,'NLLG','2s7W79006V08857'),('0pf0Q61xJ020eC1',11.69,'1VYY','N7u2S8GVp06su52'),('0Qt89172Dpc740S',12.6,'1VYY','49QW49cX0bE091F'),('0RXB6oi8167pe6Y',44.38,'WV7J','84N8zau9d4afL03'),('0sn4dnl4KpJoL41',48.22,'NJO4','ZK1g9n2p80BZJfb'),('0t4dyK80B2bP3dX',49.58,'JNI9','Z61E4xGYu03s538'),('0uI96Jg349U9sxe',22.25,'NLLG','997hTEaLq7D8VAP'),('0w427pt4Z72DHG3',41.02,'SXNF','79R7Z31PV7F414P'),('0X02N7Jxcf60KMo',63.27,'WV7J','JQ8f869LwnU9725'),('0Xm6S0168j490Ac',53.03,'1G5N','SA7657TZZUG4XHw'),('10K29U22EPGL915',47.39,'SXNF','e7v859v4e28kG23'),('119044o311525dr',8.23,'JNI9','581s88c2Su7bT7d'),('1248V11Ri748497',52.16,'1G5N','4ZF204USk1Y733Q'),('126XUu110CA0703',37.88,'1VYY','28jB321252V05tX'),('12dl1I4MtbJBB54',34.44,'1VYY','0y893snvW6Y79J0'),('12P1xO2n96B3E0E',55.42,'SXNF','71w0l8Uc1x0K584'),('12Q2yk76A0r1whd',55.54,'NJO4','46WE2O4E685z902'),('13Bh9d3521k24lT',0.11,'NLLG','823aM0c6xTN74gI'),('13y975it2EI0z7F',27.22,'NLLG','24STz35H7590y0P'),('146WWdhi610A181',36.77,'NLLG','19Eztt7T42604R9'),('1470948TJ48T193',43.79,'1G5N','21Cw29m0SJ66A65'),('14KLag6g647ELu6',2.31,'NLLG','614Z60ar59H31Bv'),('14p1f6505tHo1M1',66.57,'1G5N','4uq75QirLNwPU7n'),('151k503I4pZ6780',6.22,'1VYY','N5sR2Oe30EYUQ09'),('153sD0Rd8xf17Y0',62.55,'1G5N','Gf302lu99W8Cp2x'),('15Qr9K9E61N26uR',49.28,'NLLG','J76a7FCt5saT9k1'),('1612t723qS05XE0',32.62,'WV7J','FhqF81901ZL13f8'),('1671z3c0k0C53A5',65.23,'1G5N','w5eH5P440480F60'),('167cd0MmL73Oo5H',55.82,'1G5N','498nls58AZ398sY'),('17qO9zN918E90y2',14.29,'1VYY','Y9M8a77o5N30472'),('182685jM96LRAkl',29.9,'1VYY','FhqF81901ZL13f8'),('186x7g1EaQFK3F1',36.69,'NJO4','0b1t8HxF81T1599'),('188MsB8IKx3j6E7',20.81,'JNI9','m6YU3GUj61upu11'),('18K9671w6S03j00',16.95,'1G5N','02097L81kip4gzN'),('19365B8A2PYyQv1',44.45,'WV7J','FD65q3Ls4ozQ22Y'),('19G1806Zy25S24m',15.38,'WV7J','Gf302lu99W8Cp2x'),('19TS48rs912vdM3',53.82,'WV7J','1C3862tkdv3F451'),('1AJ33mQd326edg2',68.58,'1G5N','1oJ1i83Wf4Kde7O'),('1C5b78F698E9813',28.14,'1G5N','cI134941I54qO4c'),('1D24p011sb3O4tN',60.54,'1G5N','R3h3EqS2eM3d1XM'),('1HUoE8L3UQ2FYIF',25.13,'WV7J','jeqkCtS11871155'),('1iG2X073H5GRR6B',14.12,'WV7J','seTq45K71pGd5iz'),('1ISO4290JiY2150',68.61,'1VYY','91gamc3HRg38154'),('1Ku78eAUiO09538',33.21,'1VYY','9Y57IK69N76Y9g5'),('1L3zZcZ70LWDb69',1.59,'NLLG','N5sR2Oe30EYUQ09'),('1nP186k46q2f9V3',29.69,'WV7J','3zLz5427B79T2R6'),('1p997173q44Q4iw',45.14,'1VYY','0893dlSLJ4A9sS8'),('1Pan41kmg36u248',6.06,'WV7J','9f1g71105K0YCiF'),('1q7D75B20o8X2d6',66.24,'SXNF','L65218be49V7134'),('1Q9A2G27q55xO51',54.08,'SXNF','zw2561622bG9iJn'),('1QcoZUCmSf8i29I',26.88,'1VYY','2pO1Ww8n8v4Lu18'),('1RO9g100g17bVxy',53,'WV7J','eH850T7n8Dw4N59'),('1S560WC5Rt9e7K5',17.98,'NJO4','63Ul8VoF1l9W4G9'),('1SWiD9357FQjAUB',62.91,'NLLG','0UY1z2744e7L08P'),('1UN04V52U641E56',50.88,'WV7J','h83uplE7503nZ0P'),('1Vm3BY49004P16I',25.73,'NLLG','24STz35H7590y0P'),('1X56dlj42YKb72g',1.59,'WV7J','0F560duYf5h41r4'),('1X6M9DE49O07stG',35.73,'JNI9','59xZ79l4164IQW4'),('1y1kx66I75U3FoL',61.95,'WV7J','k61835eT56r2h41'),('1Z4D9T184N574Wu',21.16,'NJO4','Z520oVN8GQ2ea1B'),('1zo86S422lgCSA5',52.42,'NLLG','X63v62S9K79gJYo'),('209z7X41Ggkl372',38.87,'1VYY','1C3862tkdv3F451'),('20OP9q674Uq7819',46.86,'1VYY','90Mwo4N7335l6Ei'),('21550FYrB34TYN2',65.02,'JNI9','6bE54s9tYsdF44v'),('21Gtw57aB15NEbb',18.86,'SXNF','A38N46btKy6SEEg'),('224J87S8qn6DEEt',58.99,'NLLG','6Q66C5E9U70M094'),('22k1Qhx6436HUw1',60.73,'SXNF','kQ202517s44W194'),('244D7t7X339749l',21.92,'SXNF','SgX856JM1qm65D3'),('24e74634b28C97V',56.8,'1G5N','bdWwJD20309kE3O'),('24juWG7Ii9X101i',1.43,'NLLG','203R9P91LbatkeG'),('258n4NB763QBb82',0.94,'WV7J','5dZj023X5Qja2J9'),('25Uij9FG0MNl5b4',44.07,'1G5N','6s9lU305a8U869M'),('260B4765R0q3KNS',56.26,'NJO4','4X4254h706j7405'),('26Xw3pW424t5iC2',12.23,'JNI9','03bC144z1wWK52T'),('27L06dec4I7689g',11.2,'JNI9','1t105r58u10S43f'),('27U129eN97j3753',38.49,'1G5N','L80et6ZD8jU0PS8'),('28SjcY907C36r71',32.56,'WV7J','o75h54QU2718743'),('29e246230by4Q9B',41.24,'JNI9','7Nx27355Na0190l'),('2b7u619H3889X7Y',31.35,'JNI9','Y9mW3763f33fl92'),('2c3B4Ly5Fk85z9b',2.48,'1VYY','f89fr47Y86UQnQG'),('2d74wRK23LY3w87',40.05,'WV7J','5Qt4J3783df4f34'),('2G20003o5wC3788',18.2,'NLLG','X8Bu3886GKg20q0'),('2hY42393rK2W5u8',18.26,'WV7J','8b80V78xV0sL691'),('2Lur082fG0dkK3z',13.21,'NJO4','8r2se05uZ5jo2k5'),('2M1k4N80038f4g8',57.44,'WV7J','d43xG3WU48E2423'),('2NE7ta1XO61erv6',15.87,'WV7J','X8Bu3886GKg20q0'),('2niK820WEHtL9Cp',65.82,'1VYY','R85BcfsKD1LP0K1'),('2p0EA0UHoxB53vh',29.65,'1G5N','D92jb6574G77vIu'),('2p4QrF2u963B803',25.12,'WV7J','XhG81ERnm3U7D8c'),('2Q576cm48TN47Ie',31.17,'1VYY','D361yR5H8hfL6Ja'),('2R6hJA3KphZ92Q9',7.35,'JNI9','24STz35H7590y0P'),('2U9yJ0w0GV06SU2',49,'JNI9','1t105r58u10S43f'),('2v0l4SE0r8pXBA8',44.83,'NJO4','L1O8Ex0cVaQJbKG'),('2v3Fk83H4WB1hCU',53.47,'NLLG','e2Y196iN8GdXC3L'),('2Vn0114U3GT60V1',5.63,'NLLG','S3PRu286trUqZ5j'),('2Xp8O9FR5P7FcEU',38.51,'NLLG','8022r41357390mO'),('2XyxD0T0903R925',44.39,'SXNF','38d2r4cgH44H8x3'),('2y1zR9658pfs242',23.6,'NJO4','KIWKe09mICM82O1'),('2Y40a981M0l2qKH',57.41,'WV7J','2685jQ53gS1a77a'),('2Zgk6p4Y161V0l9',10.15,'SXNF','C0F9B0H9B1Voi6w'),('303943o0O6Z6V6y',23.38,'1G5N','4671W5d59o8dk28'),('30h2Sac398984Db',33.89,'1G5N','4Mu5NU98qG8ibFx'),('31b2PHVhnp179lq',61.97,'WV7J','f40mG99M431z4OY'),('328CW448082kv5T',26.87,'1VYY','7dn8qZo13WF5f55'),('3291And83sw1k80',20.62,'SXNF','992Cj9T6h08X7cm'),('32BD047S0x9972u',34.02,'WV7J','iB0N920j6R2arne'),('32QB0jl2o8050JW',22.28,'NLLG','jyf8Rt2m73guQ95'),('33Ym8818YlL8asS',16.44,'1VYY','wSJ49L090715M9B'),('342wpFiR2049I25',33.72,'1G5N','20qVggQal5Iv06t'),('34vO9659UI31uIk',0.02,'JNI9','l0E9B1fsC161R4S'),('352aw19mocL5onT',58.36,'1VYY','926gvYL9tz0pLL6'),('35859278LeT78X8',53.56,'1G5N','8b80V78xV0sL691'),('36dM5aTk5vS8SoR',48.74,'JNI9','e53dZK9Z1cUM568'),('36Rz09S72mn2m95',58.06,'SXNF','nj3tQ7sp27E1Y44'),('379H8c8qZf7P5I5',30.14,'SXNF','ZUQNM85276k39N4'),('37Fm04v3H6f57v9',19.9,'1G5N','0y1M3B0YG97W6fT'),('37zCYw51R1P3mT3',9.19,'NLLG','V62diqjzk2R863a'),('394709w35uahu22',35.98,'SXNF','997hTEaLq7D8VAP'),('3B1YEAd097AF2ri',40.94,'JNI9','u5921WYC9A59kuV'),('3B40H0G36GYINYc',5.97,'NJO4','97H4sM3556nceZJ'),('3C6g125374Z0d80',18.29,'1VYY','SA7657TZZUG4XHw'),('3DasxZ6dwp6551z',13.86,'1G5N','72X298AAPO3613g'),('3Dqlp69680fImtP',13.46,'JNI9','s4656qMi3700HL9'),('3e62qR8p2ib968X',5.55,'JNI9','902A5kba5tW523y'),('3Es4R1z960n01dA',59.41,'1VYY','W7224xj9m6qb0B5'),('3F029336B903qV2',59.28,'1VYY','BtI1aZ760570596'),('3FS49zIA5N9XDK3',34.25,'SXNF','1bjEO742StX30sV'),('3G84X4Vb3s0xJvj',22.97,'NLLG','ze7SD2gBSD81Gu4'),('3g8680176A278tZ',20.25,'1G5N','95PQ7Q43085s665'),('3ifET57uvjCR4iU',33.21,'JNI9','5dZj023X5Qja2J9'),('3izD785Gf2e563S',44.61,'WV7J','35bJ53O1Y605VL2'),('3LHc6407pxx1979',55.5,'1VYY','84Q0938p2C606i5'),('3m99D08y9BGgL3e',1.87,'NJO4','2l276JTNfk9p118'),('3n26L638h2vt3l5',13.34,'1G5N','9864X10v99Ja6D0'),('3p11dFu8Ud9H539',8.64,'1VYY','YVJ0sMR1Tz93UA7'),('3P241299460GTr3',41.15,'NLLG','E18i8M285pM8dEV'),('3qQ22uG1579635Q',28.47,'JNI9','E7Rk521O62SQ689'),('3r6729J7898d1OY',5.96,'NJO4','m08y0Nh04HkJn8b'),('3U2Uk91l895L67h',23.53,'WV7J','EKM90O186194P8u'),('3U6U25s82T19Esc',0.81,'NJO4','f89fr47Y86UQnQG'),('3udfs9l1uxD1267',67.76,'NLLG','39440g09u459KU1'),('3X9aI4915GyX3rN',0.61,'NJO4','6203JsZ579760au'),('3Y8h8C128v3s98s',24.04,'1G5N','92w94J8Qdx462j9'),('3z6X6S4jRX262th',68.95,'WV7J','Hp8676wp7T2a2w0'),('404bt92F173z9D8',60.25,'1VYY','0X8h37u9k9FXBNs'),('40PPX6kVW2fWOaH',65.64,'NJO4','C1641S96QkNI8eH'),('40R60EGVeJ2JY5H',33.34,'NJO4','r59Wwg684188CsN'),('4169912c8yAd8S6',15.15,'NJO4','rbj85UIdI23D595'),('42077rjC5UDGOl9',3.48,'NJO4','5zJ983ne5484890'),('4242g8210Y9r2Cz',14.51,'1G5N','1t3P2zT5810pj30'),('429305DXHpr1x2T',49.62,'1VYY','1805CC6lQ9B4v32'),('42933ZZO5u7t7F2',13.44,'NLLG','9VW62B2y7NTSeE2'),('429H3JYOfsm278k',55.53,'NJO4','6Y20WxCf4t36T8R'),('435aXpZOY907p1o',60.6,'JNI9','zw2561622bG9iJn'),('4388782eh5KXozZ',30.09,'SXNF','Rt0UeS22s643uw9'),('44OckO760wXit8L',4.01,'JNI9','5T1332Il411732M'),('44SlR3FL7yF9t90',61.8,'JNI9','oJwD90D143Ls5P6'),('450xgpr40Uwk904',64.95,'SXNF','203R9P91LbatkeG'),('4553TlkVX349fP8',48.89,'1VYY','Wa7ZdGf412S7j31'),('456l0651C0eE927',60.83,'WV7J','FIi7Sw0rQ9z3775'),('4596w70j9nMia6b',58.95,'1VYY','gtE188LOr4J9PHw'),('45E35KlK7194l51',43.91,'NJO4','6oC72U2987719c6'),('46148wP811XEjrD',28.85,'SXNF','498nls58AZ398sY'),('46P0on44dDt623Z',35.78,'1G5N','03I8032ds4v9498'),('471g8F7gs860hMZ',40.64,'WV7J','333pD61TUEa5ve8'),('47828b6k723t4lP',8.87,'SXNF','8408d78994829lo'),('47B8C8n586NNj73',23.35,'JNI9','bZf65rM903KmQ71'),('47oOOL06g1R0vG5',10.11,'NJO4','2Kv7KjrwSjcRCTK'),('4805to8DD3q40Rz',43.42,'WV7J','OgY14miOe7eXP25'),('4895Ub392duL64G',49.92,'JNI9','L80et6ZD8jU0PS8'),('4953Y368Qek3kWk',54.35,'SXNF','kvhJ1433CZ1ESQY'),('4978Y175752B909',66.51,'NLLG','kQ202517s44W194'),('49E87S0t31s4xH2',23.67,'1G5N','qmp05Q8G20RB204'),('49jBIwvm746H97k',65,'1VYY','9KN7V549EmW71AO'),('49w80ST3015F74b',17.94,'JNI9','D63661z1q8LXHN1'),('4AmAh2b092O11U6',23.91,'SXNF','VgN691yj510Cmw0'),('4ApXcRAw177V134',32.96,'NLLG','s7eL3Vnf0250Kw3'),('4B43zy30c9r1C70',21.95,'WV7J','ZE664248Rs80558'),('4cLG4nw603G03z3',50.54,'1VYY','q13K4i11Z59l9lH'),('4CO53bdSD151DL2',18.48,'1VYY','44NtfI252Q35I3q'),('4d0i477r113Wxk2',67.14,'NLLG','La8D9350R89BYCu'),('4e10zVv8Ii7s0J1',12.07,'SXNF','0JSP3337jb1y4C9'),('4E35949iAB58210',56.62,'SXNF','Uh9DSZQr3nn4LW6'),('4GN7f77DfK6L1Yw',43,'WV7J','3rrgW5O78kmXX58'),('4H22159JFr5OX6v',0.41,'NLLG','6b3P58M856wGO48'),('4H6l0gk29G0D05I',66.95,'NJO4','926gvYL9tz0pLL6'),('4K8iQr057mbqkxP',44.62,'JNI9','1Dy166H6qE3MH8E'),('4KJRF5Bi2k0Txmw',35.11,'NLLG','2NWY478H103W6lg'),('4lS53B9hODrXkYy',38.14,'JNI9','4AK6dbc461vXI41'),('4M1K3119GgbJQ4X',0.16,'1VYY','k3UStPa088iR982'),('4mQgql2p2Wp75B1',35.19,'NLLG','HKs84255l3irxjT'),('4nnf46567JAhb69',60.53,'SXNF','1U17tJ34Il4L1J9'),('4PKur3S279H1sT2',66.31,'1VYY','iK020Ibi272u1Q7'),('4q0hB2i7e59D80G',16.37,'SXNF','3Q6KLjG0ys1j9FT'),('4Q1q0854r9pYx9E',22.16,'JNI9','R02z60a3RD8Adp4'),('4RS639N48ofo525',28.13,'SXNF','M1I61tD0TMAodGB'),('4szQ0cr3552t42w',40.84,'WV7J','13PV9631011wt5m'),('4T2rD7qY9smRery',38.38,'JNI9','W299P6i37oM9t7I'),('4tyOG0ho82aa28r',1.29,'1G5N','s150gwd85S7HFTa'),('4u697724Q29Mel1',49.22,'SXNF','x444f3bwv1004Q1'),('4wS2L5U10313qnl',7.42,'NJO4','478v1Zf9my2B043'),('4X3K0I3n8I01SAD',4.8,'JNI9','X8Bu3886GKg20q0'),('4ynKE6R84NXSr39',1.55,'1G5N','6v144440u06W5NG'),('50cia3Wjt43Hf1m',54.73,'NLLG','rqHKI4c8D75c08W'),('516z08tqOSr3iN1',68.75,'WV7J','SLLy31T99y0t2oK'),('51HT885f0e42pdh',23.43,'SXNF','XB092i9j4G7706g'),('521727Ws6wU1v9k',36.06,'NJO4','s56165869Z457Nh'),('52b67o5T6Zg99tS',57.02,'SXNF','6523eDN5139A82b'),('52uTozX39NjdA88',15.46,'JNI9','15U9Gok054PBD1j'),('53iI7197932e4pJ',29.11,'NJO4','1t3P2zT5810pj30'),('53q654SM9Q4rsia',11.59,'WV7J','HKs84255l3irxjT'),('541S48366t7K7rh',1.15,'SXNF','BQ304I4NQ6FCI25'),('5462t7M95hW537l',25.06,'NJO4','4T65i35M89oF4l1'),('547R29biX75Q9Oh',15.97,'1VYY','38N3579u79UZfjk'),('54Zn3S56q5DcZx1',32.48,'JNI9','13PV9631011wt5m'),('5538No94036NN66',44.33,'JNI9','L7vE0c439mm69UT'),('55Uh05WfCz2XMvV',3.94,'NLLG','XhG81ERnm3U7D8c'),('56Eg98yIDha4PO0',47.68,'WV7J','666U765N23S0K5C'),('573IiXt0J9tv905',34.64,'NLLG','9KE951Y8164dQ99'),('57T21o1A2Tq2oL5',65.12,'NLLG','04qeC6t75012T1f'),('57Un8BrC78P8PV7',24.92,'NJO4','S1DwIMAO054Lu1q'),('57ZlfhE621Tuh44',45.91,'NJO4','2Kv7KjrwSjcRCTK'),('583841Kb50a5S35',14.75,'WV7J','gWO621752364X6E'),('587914626vs590d',54.76,'NJO4','9Y57IK69N76Y9g5'),('58PyeU6V5sN3a59',35.83,'1G5N','1wl6Q768L5W90rs'),('5c40zUx6IjG69O5',41.76,'1VYY','43c4n8fjVg0RY80'),('5D4hu053kt48gnU',0.68,'JNI9','D92jb6574G77vIu'),('5Dfz5O12gc6JN01',66.72,'NLLG','73lr58qDJxi4dI3'),('5F5529Vk82g8e00',12.23,'1G5N','9CKXtJmq0yka9h4'),('5F9bG8e46862w3W',15.55,'1VYY','L4dan054AI85B1N'),('5JD12eGsSM6R3s0',15.16,'NLLG','D7270KIUW42dM75'),('5kECF8oge4e697N',57.87,'1VYY','15F249T9060d21x'),('5L00a95c34ErcMD',54.19,'WV7J','DMWJ6O38o03zU1P'),('5oJ9Qzt129vRH9m',44.29,'NLLG','066g5wThG187tlZ'),('5p182I73F2VL6On',35.64,'1VYY','5O9392Ag4584k32'),('5Q2aP9KRHlP6162',29.94,'NLLG','DGV2503S253kgN7'),('5V5nJ37651WJjw6',48.25,'WV7J','zb1PI9c3Q6b0452'),('5ybWUj8kU6QJ096',29.72,'1G5N','U84010z3508216A'),('5zCRYX8S07EW64f',61.65,'WV7J','ShBn3zV1y5HE7yJ'),('607272JI8Q3GYtD',31.19,'NLLG','EF2394ep79BG68l'),('60A65g83M6H6o35',53.87,'WV7J','56Lg76g5ht493Nn'),('60r706P36EE98cC',43.04,'JNI9','L1O8Ex0cVaQJbKG'),('60yD51cF3GVQ0cr',48.93,'NLLG','63Ul8VoF1l9W4G9'),('6100512f1F3uLw8',46.86,'NLLG','55SsDtd89T05p2p'),('6245SP4fE36MywA',36.84,'NLLG','1I4ALiD93804Z1p'),('6259OR35T6k5CF5',2.11,'SXNF','56398ky5U61R705'),('62D87iA93668c6k',24.8,'SXNF','071yn2T5li7429t'),('62L972j1N06YVgA',52.7,'WV7J','3r4063z77Yl6389'),('63l09MG18wLZ273',19.5,'1VYY','649rAnV4a8ym7xo'),('64327T0i29f9R2A',55.92,'WV7J','7x8p0dWH5AZ6q1O'),('652fu622B4Y6p89',33.57,'WV7J','86V0x8l9SsN4F3G'),('66iR2j8lK7L149D',58.29,'SXNF','1xA9Nf2ck67502V'),('66uW4a9037ew613',39.81,'NJO4','B2Q79m4x80k654m'),('66x4583Edo77uV1',46.79,'WV7J','Z2RRaIu20F33DZ6'),('6769xB8f047tqR7',7.14,'WV7J','YmkgkbJ144883ME'),('679cY19654B3g88',16.66,'NJO4','59P64366S7oj839'),('67l333C4f99sa7U',60.53,'SXNF','614JT7PceGH2Q32'),('6899ijLG85wr718',60.48,'NLLG','H47noMG7Z4KN2sN'),('692AX59Zc229mC3',16.89,'NLLG','56Lg76g5ht493Nn'),('692g63P5e500OP7',49.74,'JNI9','1oaK403471M7R1G'),('698cNU42zdr49i7',59.4,'JNI9','DU7b4VD3850VSR5'),('699sF95010RlS51',28.2,'NLLG','5z9oIcVQ7Oif00h'),('69misxYV1AovEI4',25.86,'SXNF','208b3OY0639n39Z'),('6A2z68el9k24p47',53.88,'SXNF','cw53O83696q67G0'),('6A9fN8P247k3mC1',64.15,'NLLG','7K301bp8uA0rvBp'),('6bhxd4I5fhUfa88',39.89,'1VYY','1777nB8k28T78ez'),('6F6n6569T25tF94',16.5,'NJO4','62y5c7tC4Z7tnJ3'),('6f76phsYm9Wr361',4.2,'1G5N','6G0mtwpMR7s7NK1'),('6fY546JJIgPNBki',61.73,'NLLG','4d45Q4015BY81nC'),('6gw9984U2MQ62Q9',23.09,'WV7J','jf2LNu560MDI5Db'),('6k6X9c7xp3b725y',12.22,'1G5N','A7Wt335xS00iXP9'),('6Lc1r09n4oFc860',55.43,'NLLG','D9OwV0iv16asAMj'),('6LvUw9D44QI09BN',54.26,'1VYY','4c405W69768P2RV'),('6m66N2gZ6n0xq98',45.91,'NJO4','VgN691yj510Cmw0'),('6n4Lc99d9T9tRfV',56.59,'NLLG','72O7c0784U3Zh6E'),('6nd2pIW277x1nJ6',3.58,'NLLG','ZUQNM85276k39N4'),('6sjV121qO580376',59.95,'JNI9','ww34t528K2S784k'),('6u22462Z73qAQ44',61.69,'1VYY','zV3x8568Vc88uvR'),('6u73e55012p11aE',43.04,'NJO4','kd0MG997Ir13P04'),('6vD76S9rF6LbXcz',65.94,'1VYY','6AN09j1mO6qX25i'),('6w3B92GU909E4Qk',53.31,'NJO4','03T375C5x8IjU93'),('6W67H6eO7HsX6F6',66.87,'1G5N','1j7A5G18u8WpQCu'),('6XwB21Xr3B27T88',19.08,'WV7J','438k3z1aY2315HH'),('6YrG8119V1XlDl5',65.98,'JNI9','wX8vj100x276236'),('71413g8A5S773eA',68.95,'SXNF','Ag9DmIPdF812195'),('7151p7Mp0FSwG26',64.79,'1VYY','646K5Ouno60bVh6'),('71p9DOLu020Q8Rv',13.33,'NJO4','9w8n5qmeg9ee2A3'),('725d925bk302V5E',28.81,'1VYY','380112E51T7163l'),('727Z4Z80h31O0qe',2.89,'JNI9','C46k7LAD3b12s3s'),('72C4Rt2PE5223Di',57.15,'SXNF','154ke454z0DLG62'),('72dH5e0y0gvCqde',57.43,'NLLG','FhqF81901ZL13f8'),('72h3z8wGvef2nQ7',36.09,'NJO4','7i8jg5369hLV9Y0'),('72sNB8V3tu4x5F7',44.43,'1VYY','B0t0M409W5G1856'),('730D1O2atu5mwK2',35.95,'NLLG','19H7kx61N4Udtsy'),('74hx08g6Y14E8a6',52.17,'NLLG','4nBEH3Z3Za7QaaY'),('75d4V7j72AY8Y9b',27.25,'WV7J','5M8B3dv3Bwb0uV4'),('76e8510O4v3CN54',58.39,'WV7J','301nuA5ARa2p3G7'),('77itE0TN0wudd7m',49.4,'JNI9','k61835eT56r2h41'),('77K66a197104H6M',10.97,'WV7J','a0onx9x7y331t8i'),('77saD32n55532D8',1.98,'1G5N','9w8n5qmeg9ee2A3'),('78yh0zc1S387n5z',42.22,'NJO4','CtHvQ44gJ4r43P5'),('79i7B1ziT7Ce664',63.74,'NJO4','9mW44WpYhOa4W75'),('7c3L9I73V48MX34',65.21,'JNI9','zv6J200uG960U60'),('7ctJ5f8r942YHI3',46.56,'NJO4','x384vD5a5t375k9'),('7cz5598TF6ZNFjZ',24.7,'1G5N','k3UStPa088iR982'),('7E091mV6skHe8I3',28.25,'WV7J','7x510E16dkB749q'),('7e60528F893Gemi',41.15,'JNI9','97H4sM3556nceZJ'),('7F6m3f2Usp6URvh',22.22,'SXNF','u1s4uHV729A46u1'),('7I3480UbC38on49',62.87,'1VYY','68d2Z05481Q9o8o'),('7ik75QDvZ45on41',53.19,'SXNF','59P64366S7oj839'),('7IT59c9P7gY6EEt',30.33,'NJO4','2Kv7KjrwSjcRCTK'),('7k07hXH0Z861V3F',5,'SXNF','u1s4uHV729A46u1'),('7l7toqT77COx6ju',4.92,'NJO4','yG65m3e54R3030C'),('7PAS51UaG6sMY7R',65.99,'NLLG','0Zj256791ZQljXk'),('7QF1UN8w6ir9649',3.85,'1VYY','8ld1779Qd9GSL02'),('7r7DedDHgH27MM9',60.59,'NLLG','in0094926MoQx51'),('7T9p2t0844GJ8h2',12.69,'WV7J','15U9Gok054PBD1j'),('7V61KLOO3Rf25T6',21.16,'NLLG','9GR31136Lgs2AN2'),('7ydrL12w8m1z8w5',42.48,'NJO4','FhqF81901ZL13f8'),('7YZ11y4ANT56L03',32.3,'NLLG','w94OwLO1hCGRp1W'),('7Z9fnQL8Cg567ZW',63.2,'JNI9','M1I61tD0TMAodGB'),('809t00W348P8vX0',65.8,'NLLG','ZUQNM85276k39N4'),('80Ds57Ub3Fh64nE',17.42,'NLLG','03T375C5x8IjU93'),('80ETSYo0p7m676m',23.57,'NLLG','Q94436c8f4thzq8'),('81h7649RGcM15sS',56.98,'JNI9','B0t0M409W5G1856'),('81HG7X7ZkR403d7',4.89,'1VYY','127F661DR3175o4'),('81S82YKA258d34x',68.27,'JNI9','r2O0bg9t692z801'),('82ar7l260go4UcR',26.53,'JNI9','72130lj42022l53'),('830DCylb5820SN3',32.23,'1G5N','cG2O5Bf0szUO46r'),('830Ev2R74tK06At',41.67,'1VYY','bZf65rM903KmQ71'),('83503LKi3Ej41t1',29.92,'NJO4','c49y9301udo1xRW'),('83z5LSpGa97469f',54.1,'NLLG','8F7kW3t49129tKn'),('84QAkMSg54H4007',46.4,'WV7J','Zizcb510380hm66'),('8571185s94563iV',29.89,'1G5N','XhG81ERnm3U7D8c'),('863J949wG52BU08',9.62,'SXNF','0JSP3337jb1y4C9'),('86gLh9K18lR8jm1',40.22,'1VYY','24STz35H7590y0P'),('87JwyQiZ837JqrV',45.61,'NLLG','Ss46L699gJ7z4iG'),('8850Z96t1aA3d5x',18.35,'1G5N','Xv0tU5G96BXD266'),('8871FCUvM19iL23',0.13,'SXNF','R54b225X71WONE1'),('88k5Vf9lr9wmp06',16.36,'1VYY','3q245O6020mU01T'),('88k8A5u509bTAjy',9.02,'1G5N','q2uL4mxf8w68sJ2'),('8A6HR8Th2fW7NpQ',63.91,'NLLG','D7YdP27EMi47a35'),('8b6P7o3n5wo63e7',44.43,'SXNF','4Mu5NU98qG8ibFx'),('8D6P9e3j0o8IBXN',28.14,'WV7J','L285273f76u54qx'),('8h583n17035d333',34.9,'SXNF','4d45Q4015BY81nC'),('8hz7V0XBa1eCP7g',48.49,'1G5N','I5Bha73S5B1lvN1'),('8iz66lhm1685cPO',20.15,'1VYY','HWV0p3uZy0gW2w2'),('8J0790V17J2Y4m1',31.42,'NJO4','438k3z1aY2315HH'),('8J2k0o7dc7j6T66',28.08,'1G5N','l0E9B1fsC161R4S'),('8j8YAIk743GaGN7',45.5,'SXNF','lf69Bxz98u1I8F4'),('8K2n00N15ADfu8i',59.94,'NJO4','327Px4Hsp163sWT'),('8k324Q05o433f3F',13.64,'WV7J','223lCcwKC7j7281'),('8KiZIUL40M5Y49i',40.2,'NJO4','lKQt7Fh0oR59r9E'),('8Mqq2l0P348cuuL',21.11,'1VYY','HGNiM9Tos7BU9GO'),('8N754J5a3478bE3',59.06,'NJO4','3rrgW5O78kmXX58'),('8ouUSSkW7B34189',25.39,'JNI9','80578W7912YO9M2'),('8q5P2f4929866S7',52.12,'JNI9','75a139yI0363n10'),('8Q5v112s0E7y694',19.3,'SXNF','2dBV89z5jc72Ig9'),('8Qf721OktjYT11F',50.76,'1G5N','20qVggQal5Iv06t'),('8RWT929vnN0d42m',67.8,'SXNF','35BWq36j1rY9DcR'),('8T169XR3939Qm5J',35.71,'NJO4','y53y6487v8LAd49'),('8T2K0h32k8fP021',28.93,'1VYY','g9zzd0fTiU93PxC'),('8T585tcf3u5Sdqx',48.99,'1VYY','1pd6MwnV945GV10'),('8T6I9y6U8c3b8HW',42.17,'NJO4','0717t639S8X98e6'),('8U0JA0a7rDu2F15',11.35,'NJO4','c26h192v8160x3Q'),('8U2id61Bk371fxY',19.12,'NJO4','Q6c10yPirN4XGP4'),('8U955A6428h2835',17.75,'1VYY','Hp8676wp7T2a2w0'),('8up8M81xy18w5eB',11.65,'NJO4','E260a97DKNrQ163'),('8W0KCn1xLB1130q',24.72,'NLLG','7i8jg5369hLV9Y0'),('8Y575rB613i588s',52.74,'WV7J','M3R9CFI51503YT4'),('8y6824c51J0irL9',3.64,'SXNF','1eIIoR2417G3a9f'),('8z561ZLN9e0md24',50.92,'JNI9','9mN3alZ7M0P5O07'),('8Z60Ecv1F85m882',22.77,'WV7J','J6KQA1u035282V5'),('8Z8KyWk9A6b296O',46.16,'SXNF','seTq45K71pGd5iz'),('8zkb17COZU5fYRK',24.88,'NLLG','558Nr6oUz66aB20'),('901O5u2o6S7FP72',11.47,'NJO4','498nls58AZ398sY'),('9040C252278KeOV',18.78,'1G5N','Kg9k1MN00mY555j'),('90msi4tOI3uDa5T',6.07,'1G5N','0D6hT9b7ZL6Rq5C'),('915iq0mR9kCYlDV',68.21,'NLLG','23eu9e80S8vv158'),('91e7wrq9V3R5jU5',60.59,'NLLG','4REC3H14Om29gV1'),('921K8yHmuDeO64X',67.59,'JNI9','63Ul8VoF1l9W4G9'),('936y8i4WZgul271',68.3,'SXNF','3321B9yq0xrET33'),('93c7m4c82209Djd',65.43,'SXNF','Nd6jYtB0914B9m6'),('93G5up01di5PY78',62.02,'1VYY','84ts57a5iK58sI2'),('93QQ493bUdTiW37',32.15,'WV7J','03bC144z1wWK52T'),('93rYJp528n0y82o',10.65,'NLLG','5x71757059x7r90'),('94I34L2SHsb34gr',27.13,'NLLG','P2792tQnyo2D4X0'),('94Nn217te8vo8tU',44.23,'1VYY','51W421Vi75WZM4U'),('95X8W0Eh7Y61452',20.25,'1G5N','67c9XL051r66TH8'),('971JJ9Jf522Bcf5',35.2,'1G5N','6Tz7697KXv994m7'),('9757KgjNAL190hP',35.32,'SXNF','4d6AE1Vi0Ibe922'),('97E40n47GPKk8GY',26.36,'1G5N','8H0C286j597k3Ka'),('97Jd21j7811577F',40.16,'WV7J','0uv43H7oQy5PN21'),('98C7wrf74jKUUsT',3.31,'NJO4','uk6i08A417058m3'),('98Cgnu7D6me84G1',50.19,'1G5N','c81540D495xnn04'),('98QUZY4FB96G1uo',36.57,'1G5N','2G88DBLIaM3Q00f'),('990EzC43Zp7v4Fj',15.14,'NLLG','5903rLTt05855bN'),('99347UC4jOhE745',20.21,'SXNF','YBy25U9Th3I104H'),('99878nc88Or0580',16.54,'1G5N','a0onx9x7y331t8i'),('99Sjk3Zr0U46gm7',55.6,'NLLG','719I705x63U2701'),('9BO13c54YDE1GNT',59.26,'JNI9','8b80V78xV0sL691'),('9C3v3el228Sym5j',4.79,'JNI9','m08s4g0u2DK5S40'),('9cL84X6348R1D6v',27.13,'NJO4','y53y6487v8LAd49'),('9D1Is0kB42d9vJC',49.41,'1G5N','h83uplE7503nZ0P'),('9E9J7pb4C97E88h',22.47,'SXNF','9fQ19CG0MZh9S2K'),('9F317ab02pZW52U',33.8,'1G5N','6y72S7234VJKw75'),('9Fa39Q3imGhC6g1',26.37,'SXNF','b04u2B4618Ci82t'),('9I00p5icPX217W4',33.25,'1VYY','XLd607y3muL2OM9'),('9IDac3D7sccq408',13.6,'NJO4','4VMP7G582k48yiF'),('9J47Qs76l410OcH',18.16,'NLLG','Z2RRaIu20F33DZ6'),('9K8OOD8l69r8943',37.52,'NLLG','c49y9301udo1xRW'),('9K9Tj8bA756k3sd',67.11,'WV7J','E71lK9S0Ey9Ws99'),('9kNTw9uW7527c42',50.43,'JNI9','24zy15300852782'),('9KwzH8vCF37195N',57.99,'1G5N','0e9K62nqz2q9487'),('9l59OAzOPg9jM1P',47.62,'JNI9','nHv0n5597E0m4XL'),('9lJ914sz9G15plV',17.44,'WV7J','L7vE0c439mm69UT'),('9n23MKCK0633uD7',6.87,'NJO4','Zizcb510380hm66'),('9n37k2521PIZfg8',30.33,'JNI9','R6rjon1P91d157B'),('9Q1yq013f9O4jyo',56.36,'SXNF','6Tz7697KXv994m7'),('9q50d45X49h0291',7.45,'SXNF','0D6hT9b7ZL6Rq5C'),('9sdC8K603D0z9Xv',4.91,'NLLG','4I0Yw1ZV51tW064'),('9u612kugo88C2G7',66.96,'WV7J','cd6wS8A3iiZMn4z'),('9u7hxT3STj688IS',36.53,'SXNF','19H7kx61N4Udtsy'),('9W02sVF1nv9k075',19.91,'JNI9','aoEf3Z1u9K8362z'),('9W45r2z9dB4E5h7',58.63,'NJO4','9F38cY95IrB768e'),('9wXPg1Cp745yppI',49.12,'SXNF','u8gETO0GW7611Mh'),('9X63Vyhz2w2009K',51.46,'SXNF','m08y0Nh04HkJn8b'),('9y4lNF32c7e704L',38.44,'1G5N','JFQ80522PQ1M26s'),('9z39E3mxueSu90l',55.29,'SXNF','308a747N6dd6P90'),('A1X3nBE80U4G7w2',50.66,'JNI9','4X8T0P96u87501f'),('a2ncYCt3AJI5603',21.43,'1VYY','1rnd082K098s934'),('a2Q4s8f88wyK9zP',35.33,'1VYY','kh75613596B48l2'),('A3Jo76R6763VXE0',43.71,'SXNF','9298sR3so683D08'),('A558vyT8952p793',68.78,'NLLG','zw577i316Zv99H4'),('a560KyV923sa44q',40.98,'1G5N','in0094926MoQx51'),('A5cW1rWhRH5e9L4',51.59,'1G5N','e7v859v4e28kG23'),('a6M028bsg0D3k4c',24.78,'JNI9','4c0347Q4Ps3l69O'),('A6ocu13j02se56z',60.7,'NJO4','D46044I09pl43R1'),('A78690072r8f30g',27.81,'NJO4','zw577i316Zv99H4'),('A9eIz1oZ0K52V41',62.21,'SXNF','R6rjon1P91d157B'),('a9S95rM7SD228Fc',61.53,'NJO4','q24v066gwxQi65r'),('aA2o06fe9x2h25u',19.44,'1VYY','Z520oVN8GQ2ea1B'),('aeR1AWzLSaNW401',43.72,'JNI9','9m77AnC9P7921zR'),('akL59mNe8B3j1H0',31.78,'WV7J','uk6i08A417058m3'),('alem4403dsM7551',16.77,'NJO4','3E7S86u81909573'),('AO11L5271',NULL,'SXNF','DP11ENT03275'),('AO12K0807',NULL,'SXNF','MX39VOS38645'),('AO13W1028',NULL,'SXNF','RR73DWB65452'),('AO18S3731',NULL,'SXNF','PE73VJU23485'),('AO19H6549',NULL,'SXNF','OC94ASJ72024'),('AO19M3646',NULL,'SXNF','BM25PHF40639'),('AO27P4628',NULL,'SXNF','LG64ARC91224'),('AO31K4646',NULL,'SXNF','SU00RDZ36214'),('AO49I8807',NULL,'SXNF','YL27IFD65117'),('AO69I5108',NULL,'SXNF','HT62RDI04611'),('AO87S8322',NULL,'SXNF','DV04FQL29609'),('AO88V0724',NULL,'SXNF','SY96JDQ97089'),('AO94O1451',NULL,'SXNF','BZ76ROL87339'),('AR2L586n86sC9R6',40.97,'1G5N','2JhY6382Dar9PQX'),('aRl2ER45NIz6IHp',60.51,'WV7J','kQ202517s44W194'),('B14qr8i59269A7f',54.73,'1G5N','K0Hy53v0t752E10'),('b210F98L0P10M5C',39.04,'SXNF','06M359071X09v9o'),('b245WK6f475ko88',30.36,'NLLG','5L9207or1XjPy1Y'),('b303Qtj5T89uB61',7.84,'WV7J','b04u2B4618Ci82t'),('b30981c748tjuOX',15.55,'WV7J','18oUZrC5pJ1Xj04'),('b62gb3O3252941S',42.34,'1G5N','u1yi9Q4q9365sM6'),('B743w48VuS4Q1jN',68.74,'1G5N','dj0aC507R5y4qPR'),('B778g3o7754Oy5s',11.79,'NJO4','0uv43H7oQy5PN21'),('bE8dsP8Q32NRjZ0',59.38,'WV7J','dE833F8U54194g0'),('BEZs01S70058STp',2.81,'NJO4','809H5J1v4iE6668'),('bH33M198y8L0j2P',42.5,'NLLG','nu5aI28wa82HN12'),('Bh530427l644O8s',58.33,'1G5N','w5eH5P440480F60'),('BhOH759sbE08r5r',68.07,'SXNF','w007gK4t5a1hD6j'),('Bnt7x2z9984L1iS',24.02,'NLLG','X3Tr0f1b5zPs976'),('BPrQB59I13SFZ2r',61.94,'1VYY','JG8wx37oO941KMW'),('Br474a8Fpld47Jn',59.05,'WV7J','lq0H8Jqd132v60V'),('BRHo4gC2186694h',19.19,'NJO4','493j1TNK210W3k5'),('BUJFXP613E8c33Z',48.85,'1G5N','3C6C369D9z76J9y'),('bVkPQ4pNa3RTlD0',10.83,'1VYY','Q94436c8f4thzq8'),('bW139qzHdvF96K6',65.47,'1G5N','902A5kba5tW523y'),('Bwe82S39lu53b9P',38.82,'SXNF','308a747N6dd6P90'),('C0239vW17d5h29g',35.99,'1VYY','R3h3EqS2eM3d1XM'),('c0sc8yMSzzBR2V6',44.9,'SXNF','n2jM066kBu13UQ9'),('C22WY4l2y8574s1',36.03,'SXNF','cw53O83696q67G0'),('c235NCcz6j1342X',48.42,'1G5N','kh75613596B48l2'),('C24ZvCB1By27108',5.59,'NLLG','lq0H8Jqd132v60V'),('c2J58313Zw88nL8',12.08,'NJO4','pq85HlBdG8NF4GL'),('C2OkGk082V9tXE6',51.42,'JNI9','x384vD5a5t375k9'),('C3869WZ2C4026Tc',42.61,'1G5N','6UT0i120crB14f1'),('c45frK51a5hB1y7',42.04,'JNI9','75oHs32G6U8tt01'),('c4j0o2A2qR5ALQ9',51.8,'NLLG','7K301bp8uA0rvBp'),('C5B1W126t3Mz751',38.08,'JNI9','4ii62TkPp7060h8'),('C6804hM835477ir',51.41,'NJO4','QEWd22689w7p78t'),('c6i981Ik8Oxhtr0',18.95,'1VYY','7Ls4gsx575Tu6CC'),('C802qr7jy9UQg46',31.4,'1G5N','FhqF81901ZL13f8'),('C802s5x1YG9755C',54.36,'1G5N','q2uL4mxf8w68sJ2'),('Cfc61oY59138529',4.9,'NJO4','O47a86oI40pCy2F'),('cj1TuLxeItUxw1G',62.06,'JNI9','d43xG3WU48E2423'),('cjBvM62dt7884r6',47.98,'1G5N','5I0054m2TOIl89W'),('CL5v5237Ux39tu8',59.67,'SXNF','5612106LSe5U8ad'),('cq719W48OVR0Sii',54.23,'WV7J','6Tz7697KXv994m7'),('cREkT4K951317f5',46.05,'1G5N','gdGa30ra0D0c89Q'),('CShc3jS4H4c77V9',34.63,'1VYY','4X8T0P96u87501f'),('CSl7zcN0XQbleB6',60.08,'JNI9','49043u20aY7f763'),('CUa6487i21Uc6zO',39.98,'NJO4','7DL76l668P7O62E'),('cuGDC5qZ13G4lm2',54.66,'1G5N','5O9392Ag4584k32'),('cw6zn7592cWm63u',62.22,'JNI9','O37aA27RYe3u905'),('D0U9B12O7MMbf3d',32.96,'WV7J','rbj85UIdI23D595'),('d19979n6xo3tMg3',67.55,'WV7J','L285273f76u54qx'),('d3502O2WRaJ0nOF',49.19,'JNI9','7Q19j19imbX9283'),('d4se35bX1NI8hfk',19.92,'NLLG','71at9N498703b59'),('d5ELQ3E6XFk6H9K',27.11,'JNI9','159q8706aO61Y2u'),('d5LDCO298MIdYru',2.43,'1VYY','9GR31136Lgs2AN2'),('d5Z05KRQ16B6l24',9.87,'WV7J','pX4jqg035296574'),('d6f171i5U10B3D8',49.57,'SXNF','19H7kx61N4Udtsy'),('d768V28f5oM7L81',64.02,'SXNF','zv6J200uG960U60'),('d772Hh9q4274aF5',11.29,'SXNF','s56165869Z457Nh'),('D7f2hZcmev5tT8t',3.61,'NJO4','3seoW9qJ280Sr4H'),('d98mCz6YSLc29s4',68.77,'NLLG','W299P6i37oM9t7I'),('DbH9v445975o614',32.75,'NLLG','333pD61TUEa5ve8'),('delr306e614lP23',1.98,'NLLG','7MK5I4mLl5Utk7S'),('Dl04CW706VN0747',12.09,'SXNF','PCpIEO02W756444'),('dl1855c246Oh79A',4.72,'SXNF','Yt463988z9eICdf'),('DM88ljh535Oxz97',33.76,'1VYY','UW9Tn233HKp27rj'),('dO6eh5a135Z08Z9',63.24,'WV7J','HWV0p3uZy0gW2w2'),('Donw9ZmH2G88N51',57.52,'NJO4','52HGiBk466cq27h'),('dp5n4N7Tr609i2Z',53.65,'WV7J','m1PQVU7td033469'),('DTDB7BJI4xdf6kU',11.58,'NJO4','16lY9oFPIgxdE27'),('Dv5113075uFx9u6',37.16,'WV7J','pxS1125W63V16U7'),('DWA4kckvT0502m2',46.54,'1G5N','10v872sP2L848RL'),('Dy6eG0630F2e1KQ',51.56,'SXNF','e7v859v4e28kG23'),('E1K91Zz6V4S248b',2.45,'JNI9','xJ7ok3Gl87P9pZ5'),('e2GuLR15fF1f8Jw',23.55,'NJO4','b04u2B4618Ci82t'),('E386rby9H48nz9t',38.99,'NLLG','72031PKSC284M75'),('E39D28082689V81',37.69,'JNI9','8938508vYs3SexH'),('E4480868493nDLX',7.24,'1VYY','4c0347Q4Ps3l69O'),('E4zVTmHP6oq0245',34.67,'SXNF','oJwD90D143Ls5P6'),('E62nJW1vlmU3u1D',63.27,'1G5N','761f4H490H4wAhW'),('E74l1W3n831q9D0',53.99,'1G5N','c49y9301udo1xRW'),('E7U80y8G896duE9',51.59,'NLLG','831576g5U1J3614'),('e82uj0Mux48EQG0',12.25,'WV7J','173D55axuQc75Q4'),('E885jPhuR21h721',20.89,'1G5N','D54R3buTs9R66pq'),('E93f6zCG8aa8KtQ',60.31,'WV7J','yw7v6F11sU2652o'),('e93jQHGqd74Ga42',60.98,'SXNF','2E3dZS11t174d19'),('ebIWe284bq91T2Q',0.22,'NJO4','SLLy31T99y0t2oK'),('Ec87qH1j8e91168',48.15,'1G5N','1Z20KSrC0Up03X8'),('ED715U81ducYd3d',64.53,'NLLG','3r4063z77Yl6389'),('Edk0f40K4wXi4A1',21.29,'NJO4','LH392x38o873j8C'),('EG00X1873',NULL,'1G5N','TV81MAQ99005'),('EG05B7264',NULL,'1G5N','IW53OQE31439'),('EG13U6715',NULL,'1G5N','JD78PQD35395'),('EG23G6966',NULL,'1G5N','EC02LZC49528'),('EG36L0177',NULL,'1G5N','TE24LCO18661'),('EG47I2811',NULL,'1G5N','XE59BZM26378'),('EG47U1656',NULL,'1G5N','IN99SEN20660'),('EG52J0268',NULL,'1G5N','QU94IGC75528'),('EG56V3913',NULL,'1G5N','CR31GMR97972'),('EG74B6896',NULL,'1G5N','DW44ZOO26361'),('EG76E0993',NULL,'1G5N','VL67TFO75321'),('EG79G1284',NULL,'1G5N','TZ48CCW54765'),('EG87C3789',NULL,'1G5N','MU06LHX94338'),('EG87N4472',NULL,'1G5N','CM15YCB60994'),('EGh34Wf76411q2U',32.19,'NLLG','8u469eYntamSv00'),('eiC861scU4t8Jcv',1.63,'NLLG','AzB60411Zu50B2I'),('EmgK2068i4DS062',46.19,'JNI9','268m97c9618n2TG'),('en0l5U43W4h6MB6',35.07,'JNI9','15173V3I5kjPy3G'),('eo4Xa6jQ033i16d',29.04,'JNI9','82d91W3808b95kM'),('eQlf8Kl304LbE4T',50.62,'WV7J','438k3z1aY2315HH'),('Ern82pv7C606I84',59.93,'1G5N','cw53O83696q67G0'),('es3535ib1eY8il9',20.16,'JNI9','s56165869Z457Nh'),('Etw5qR9W2MP81F3',54.88,'JNI9','ByC515G8Zi6P387'),('F032F01b6Ed0nz0',50.1,'JNI9','333pD61TUEa5ve8'),('f17k3G4x09q3d0r',50.55,'1VYY','04qeC6t75012T1f'),('F28VE2d2ae514B4',38.13,'1G5N','5lhcx917OU5bIj5'),('F9EB6f95jF985FT',34.97,'1VYY','uG378165W3LEmw7'),('f9fP1l1f85Lo69Z',68.53,'NJO4','u2y503B2UDBe7Q3'),('F9J952xDqSuX6GY',60.62,'1VYY','4PN2ygQ1p427G82'),('fD6mrRo1714coW9',2.43,'SXNF','2587S6f08p0563t'),('ff84YtiV723U1c7',36.44,'SXNF','614Z60ar59H31Bv'),('FGjQ81Wnhx1U5Io',11.83,'1VYY','ZUQNM85276k39N4'),('FKQ0m7m0k85uFCB',5.45,'JNI9','02097L81kip4gzN'),('fmv39o855F1O8yU',64.11,'SXNF','N455M24g534QUa3'),('Fn8A3k1469r9LM3',26.91,'NLLG','xz3M7i0232AcC9g'),('fNz2hyd84PvrTFE',22.06,'NJO4','s4j2CaaJ3053924'),('Fo81G743GtF1Vd5',62.31,'NLLG','91OduTZ64p8wO6O'),('fp12GvWo10S18S9',2.08,'SXNF','268m97c9618n2TG'),('fPcy0ai520KF0jI',26.15,'WV7J','k216N467enfch46'),('FPX3Kt2512g97R6',24.46,'WV7J','438k3z1aY2315HH'),('fwcI17j3h38L61G',51.02,'SXNF','9298sR3so683D08'),('g0z7396s478599S',5.59,'WV7J','9F38cY95IrB768e'),('G1jsyBQr21574D3',5.6,'WV7J','t148cj8ehQg8X98'),('g200q81HR6UY31T',46.13,'NLLG','92c8vT4Bq3077J4'),('g3116Y1n42SqR82',37.67,'SXNF','5612106LSe5U8ad'),('G40X78Eut8B1h8u',13.19,'SXNF','y19F5C85NzIY9D6'),('G41759ZY7H97ixJ',18,'1VYY','0b1t8HxF81T1599'),('g489t2ovl58WN80',44.9,'1G5N','wJELL4HsW0D2c10'),('G57bhI8L37T1O2e',14.8,'NLLG','m08s4g0u2DK5S40'),('G65M0T6LeL9Z170',37.58,'SXNF','H96rdZ9K0On94RJ'),('g6j7I1qfDH934u1',28.61,'1G5N','Wxht11Ag0k4eer6'),('G707Aa58872712e',1.51,'NLLG','MOHsGm58cO21495'),('G76a6Dzd0Z89890',21.43,'NLLG','Vz3o5fWlbtn47O7'),('g8n98aC8wYH9s51',53.58,'JNI9','L1O8Ex0cVaQJbKG'),('g9zB6FPc549Q1U2',57.28,'JNI9','2NWY478H103W6lg'),('gC6294S25al6Y9O',39.65,'NJO4','YLoh09kQC60z8t9'),('GF17K5976',NULL,'NJO4','SL09NOT64494'),('GF26E1328',NULL,'NJO4','UF84JOS00561'),('GF26N8608',NULL,'NJO4','QN12NTR81378'),('GF48M7092',NULL,'NJO4','JE65QJK64802'),('GF51E2190',NULL,'NJO4','EN26OAB52983'),('GF52G9102',NULL,'NJO4','WU78BMX13511'),('GF52T0389',NULL,'NJO4','XF28DGK65250'),('GF61W4412',NULL,'NJO4','LM86GYO69819'),('GF62J1185',NULL,'NJO4','MP14WFM40909'),('GF64H7689',NULL,'NJO4','BY85QGR11636'),('GF84T8932',NULL,'NJO4','PF04UCA93312'),('GF84U4130',NULL,'NJO4','KW50MJG67260'),('GF85R2347',NULL,'NJO4','YX66XYW62640'),('GF85Z5553',NULL,'NJO4','CK97FAU13897'),('GF87C4626',NULL,'NJO4','IO09FGE68100'),('GF94Q2036',NULL,'NJO4','MA30QLI76818'),('GF96B8067',NULL,'NJO4','CP56DAO45598'),('Gg8y4C03TZyD4Yy',52.17,'NLLG','8X7n1477e8zn5zP'),('gLfc29647791Og4',31.01,'NLLG','9XJNdfE50wI721k'),('GlKKG04iX2l72bK',55.03,'NJO4','38tE8w11ITlfH08'),('gOC7yS83XS4X5uY',24.07,'WV7J','bOv42722MqOts57'),('gp7rKFDnNW97R7S',60.59,'1G5N','iAx1CrHL2Nd1LjB'),('gu0589QF21nU98n',51.42,'1VYY','q7r557wq15NV5FE'),('Gv9M0j2LKba89OV',65.48,'SXNF','obGcelWo76uF2o5'),('H05rP6K4qt25A6w',68.42,'NLLG','b7twHg76Pg2M312'),('H0Dv3773n0k08N6',55.5,'NJO4','cG2O5Bf0szUO46r'),('h0e0019sxomj6jI',63.37,'SXNF','4m6swM6B8w1fY2c'),('h0yhEyT9a220879',41.85,'WV7J','997hTEaLq7D8VAP'),('H21uabVw8616XZ8',2.16,'NLLG','r9Q5053hZQnr792'),('h2P0352102357Gf',19.95,'SXNF','h83uplE7503nZ0P'),('h37b3j2FVOsKi47',37.58,'1VYY','38gYv44B2389z3q'),('H3r2m9jr2CY71CT',64.58,'WV7J','Y892A1M897SjGcl'),('H57p691Ui48wr16',38.21,'1VYY','tV59v0V912461P2'),('h677M7L1Gp5aSj4',18.26,'SXNF','n9SJ59siw1RmH8U'),('h687nr96qz0q8Q3',57.51,'1VYY','13PBJS3ZT82Em6p'),('Ha2155K9G265rSG',43.56,'JNI9','5W2714Q757540dH'),('hfL682407a2R5Nl',55.5,'1VYY','75a139yI0363n10'),('hg67513b5x2EYX5',63.8,'1VYY','k10Yg3hH4m7u7JO'),('hH3D3t01V0pY680',37.11,'NLLG','9mW44WpYhOa4W75'),('HH5y34eC7qk851u',23.14,'JNI9','1dnH395mhz075E5'),('HItHhY63379D817',15.18,'NJO4','U7CLr14gI98j788'),('Hix145J3heh4i74',54.97,'WV7J','qO3325l59rm74x2'),('hMgo74R4wX325Y1',34.13,'1G5N','t148cj8ehQg8X98'),('hMgRUQ02bx13g60',26.84,'1VYY','I5Bha73S5B1lvN1'),('ho07up2f332W4Ku',29.72,'1G5N','nI7s7490S05zv1z'),('HR1865x095z83N0',46.85,'WV7J','740zi41W6Tnh75P'),('hr8h78ZnPO63FGv',61.6,'NJO4','hG0ph4190t8745A'),('hva70fx52mR1XCq',39.77,'NLLG','ZmtI1a08Lazv229'),('HW8Xh39765DoPZZ',62.84,'1G5N','Yv635ug5eg17CxH'),('hZu17y2nPm9N5F5',36.77,'1VYY','ZUQNM85276k39N4'),('I2337Wm3V41V8NK',2.23,'1VYY','65E2908Zf8w3I88'),('I2yd9Va0OYc467p',58.21,'JNI9','m970cu193X1t66i'),('i34b7Tg007Vh1A2',55.33,'1VYY','16lY9oFPIgxdE27'),('I3dj308fU4oeBS5',0.82,'NJO4','54en0u3347UUg4u'),('i3I39nc51798T7c',5.23,'SXNF','831576g5U1J3614'),('i4C9Wn8GA1M08w8',57.96,'NLLG','p53jCUF48fJVNff'),('I4PtJ49h349ouw4',3.23,'1G5N','nu5aI28wa82HN12'),('i61L9a2U81Z9U00',22.78,'JNI9','9F38cY95IrB768e'),('I6u5u9n305E0v69',54.44,'NLLG','80CCOdZb8ba8JGH'),('I7JNH0a410A6l02',21.51,'NLLG','ArpebTe596qlX97'),('I80ITX7RhDOV8BO',11.5,'1VYY','2y0ZV093U73YWAS'),('i824CqvZ2692RTR',6.94,'NLLG','rbj85UIdI23D595'),('I861RA93Z4bXAv0',60.42,'JNI9','2a4t2pz6q24vlUm'),('I945V4on0Q4P8vB',6.45,'JNI9','bArob3p83mJ7n2H'),('idhYpo0rL396t8e',10.98,'JNI9','X3Tr0f1b5zPs976'),('iPy6735dbKkivQv',47.98,'JNI9','t4vyhcRt2t1A6wM'),('IXp051NK7A233lh',60.38,'1G5N','u08F1ceS356687A'),('iy757fS08B2i6eD',25.59,'1VYY','67vr68N7k6Nd2u9'),('j0U693QPz4r024o',11.58,'NLLG','1A6bvqA72VP7vU5'),('j3M2F18N8K2yyh2',39.28,'WV7J','oJwD90D143Ls5P6'),('j42BP9mN9K12gCh',34.63,'JNI9','92c8vT4Bq3077J4'),('j4o4fm49S8Cs1ry',5.93,'NLLG','R899T127r0kH6Ec'),('j4T2Vhziw11Q771',64.3,'NLLG','O36x58N12Hy757r'),('j57Z09K4Fx8tB4G',42.96,'WV7J','25xh7po2zE3IM81'),('J6j8gB9jF90k876',61.19,'1G5N','5M8B3dv3Bwb0uV4'),('j8l7L6J13366N49',31.31,'SXNF','O36x58N12Hy757r'),('jAN1G2177M98O74',38.39,'WV7J','6oC72U2987719c6'),('jb192K09hA4v2s2',11.43,'1VYY','614Z60ar59H31Bv'),('JE53b481f4poS34',12.79,'SXNF','LH392x38o873j8C'),('JE6Q137948eqXKN',16.94,'JNI9','1m4n6JL1056WC53'),('JH5x96to3l5G88Q',17.47,'NJO4','cG2O5Bf0szUO46r'),('ji3871ylE59d38U',49.5,'SXNF','1CKI0v5928qq14Q'),('JJ23f211ZK208DL',0.36,'1G5N','77uk0V7717851gf'),('JxV5D5aI8u142aK',8.56,'1G5N','159L32u6V130CP9'),('K15041qFs296672',41.37,'1VYY','i629g32SA48T778'),('k28UdA3UCWsO14y',54.32,'JNI9','kvhJ1433CZ1ESQY'),('k6V9z5vV8Z7513J',43.65,'NJO4','aBt27sk370Jw81R'),('K7360705D42141C',64.18,'NJO4','XB092i9j4G7706g'),('k872iZFxoJJiv78',10.81,'NJO4','VgN691yj510Cmw0'),('k8yOBGzAyLL5K28',45.59,'NJO4','zb1PI9c3Q6b0452'),('k9rErZ7Z3b0j39r',45.36,'NJO4','6UT0i120crB14f1'),('kB01XM9ZzITK83d',47.77,'NJO4','5248jh79Pb2Q840'),('KC3V9G0X0mGM475',24.01,'SXNF','1pd6MwnV945GV10'),('kc6q82D846KRnF2',38.02,'SXNF','0q1d2YP99689y49'),('kgV6J1g74750U5e',19.91,'SXNF','LkUhvcR69E2B950'),('KO37T8485',NULL,'JNI9','FL13UMN92207'),('KO38E3788',NULL,'JNI9','ED51EWW52190'),('KO44J2006',NULL,'JNI9','WY00MLL63827'),('KO53F1683',NULL,'JNI9','MQ65WJJ60020'),('KO57Z7727',NULL,'JNI9','IX01MVL33676'),('KO58G5356',NULL,'JNI9','YH66OKD41942'),('KO64Z6868',NULL,'JNI9','QW79CHL42244'),('KO69R5975',NULL,'JNI9','RV87TIY76692'),('KO72G8546',NULL,'JNI9','KB55KTM48860'),('KO75W9528',NULL,'JNI9','UO75YNW62238'),('KO80I5938',NULL,'JNI9','QO77TFN61853'),('KO82C5500',NULL,'JNI9','HW75BKT77773'),('KO87M8492',NULL,'JNI9','DO24BCW15511'),('KO91P5387',NULL,'JNI9','ZY93PCY41868'),('KO95P1306',NULL,'JNI9','JO50FSF60755'),('Kpjs66hl8g12AP1',68.08,'NLLG','961Ji1OA15390SA'),('Kq62uyH8GBhP7m6',47.11,'SXNF','066g5wThG187tlZ'),('Kv73Z76tV06iL6q',66.91,'WV7J','63Ul8VoF1l9W4G9'),('kx6Hcnuct1e02Jn',17.37,'NJO4','q2uL4mxf8w68sJ2'),('kykY082Jzo8c230',29.9,'1G5N','G8GogDhVy5uog3G'),('kyn4552J05p5485',16.95,'NJO4','Gf3i70Km3fwZ1hM'),('L049kXm61cdd761',33.05,'NLLG','0UY1z2744e7L08P'),('l0jM3Wr742436e1',10.58,'NLLG','n2fN8O5uk8Oct1g'),('l1S6Z3Y8y81Hw60',46.96,'1G5N','D9OwV0iv16asAMj'),('L3H26rb37D85WqB',60.04,'NJO4','MOHsGm58cO21495'),('L7H7iV180793UH5',4.32,'1VYY','zb1PI9c3Q6b0452'),('L7O2nR9922Ze97w',61.74,'NJO4','s027O031iW87n2g'),('L8s61X2nfOv2R53',52.02,'1G5N','1302jZvH7P8ZAoO'),('l8tQ50055hM6341',50.9,'NLLG','987J1FT1mZO42i0'),('ld7ympk72U6t608',50.58,'NJO4','2dBV89z5jc72Ig9'),('LI63pRNZ29f06E7',28.02,'NLLG','c49y9301udo1xRW'),('lM7b44k60Q2067i',43.85,'NJO4','L1O8Ex0cVaQJbKG'),('lnc8Ar2le52dXmG',39.18,'1G5N','3f8x15V7dWc26b2'),('lo7a0Y3K7Y43S9S',50.47,'WV7J','6g251HQ5bQ08foL'),('LQBOU6Z9J9IZnF4',61.03,'JNI9','yw7v6F11sU2652o'),('lr9Z618O0Es2q7E',8.05,'NJO4','92c8vT4Bq3077J4'),('LT96164e3778d59',39.84,'JNI9','3ARn9C7yQ2a59ln'),('lX99xaz22m5M02U',19.99,'NLLG','5xE69P9yP3M7V71'),('lzp48885f15a9EG',67.79,'1VYY','22yU27904dl2o9r'),('lZWbI1336OG0R76',45.46,'1VYY','1oJ1i83Wf4Kde7O'),('m0I9fgeakk2O970',34.38,'1VYY','Gf302lu99W8Cp2x'),('m13C94kMS55zR0U',67.75,'NLLG','e6f4n0YJA11r8ji'),('M217AJ3i3v4Ow3g',59.88,'1G5N','3321B9yq0xrET33'),('m3k09L3xShsihY4',47.73,'NLLG','L285273f76u54qx'),('M482yk7w8kD0m5k',50.93,'NJO4','4ZF204USk1Y733Q'),('m495EXP29614y29',38.82,'WV7J','uk6i08A417058m3'),('M62EmHZ25v74Hq3',24.96,'NJO4','066g5wThG187tlZ'),('M7iS791rGud221x',23.65,'NLLG','AzB60411Zu50B2I'),('m8N4sC6to7mo2A1',7.83,'WV7J','lt43G0fd3zIhdm1'),('Ma4Kg104e7L37B0',13.84,'WV7J','A7Wt335xS00iXP9'),('mcos65xu7o334j0',35.92,'NLLG','GnKk95r24woC3l1'),('MH1vNO2Z7cE2355',34.19,'JNI9','614Z60ar59H31Bv'),('Mhvw3V783M3ZA0B',41.96,'SXNF','16lY9oFPIgxdE27'),('mI8x5s41A72b821',57.44,'WV7J','u1yi9Q4q9365sM6'),('MiRa31j1z13526l',45.55,'1VYY','15F249T9060d21x'),('MJc372Y7c5735kP',42.56,'WV7J','Xv9S0f2oM2I8Cl1'),('moAI3Xj6777f2P9',54.97,'1G5N','646K5Ouno60bVh6'),('MP7k1s7M4995L67',10.8,'WV7J','t0xBt5242q6rcg5'),('mQ62z438y93lmT4',14.5,'WV7J','3r4063z77Yl6389'),('MR06V9056',NULL,'WV7J','RR98KQE80731'),('MR26E3126',NULL,'WV7J','QO68DIC93032'),('MR30M7731',NULL,'WV7J','HA82SCK64299'),('MR36J6829',NULL,'WV7J','QH15HWX24570'),('MR39O1247',NULL,'WV7J','IZ65WAT29135'),('MR55V8401',NULL,'WV7J','EZ65FLV39493'),('MR56E8319',NULL,'WV7J','KF48RSD79865'),('MR57I0349',NULL,'WV7J','UA13YTK28483'),('MR58R4385',NULL,'WV7J','QN23UHH39091'),('MR63V2295',NULL,'WV7J','XV91YMP27722'),('MR72G8045',NULL,'WV7J','HE38BQH01623'),('MR93N1400',NULL,'WV7J','HR53SRO94328'),('MR98F8272',NULL,'WV7J','BI87HYL81972'),('Mv651EX8EjsT27f',65.05,'NJO4','49043u20aY7f763'),('Mx1zI5FBy7MB5SK',32.88,'1G5N','2yF54O2W2o9h29a'),('myUdTAY05CTlXqy',37.66,'NJO4','0cmjR8Cb80E8123'),('Mz4D6e0b3fr90M8',11.66,'JNI9','S3PRu286trUqZ5j'),('n05982p54y1aN9T',23.38,'JNI9','ww34t528K2S784k'),('N18PJ5161tu299A',63.5,'1G5N','19H7kx61N4Udtsy'),('N1B2pvmV9m9iM69',37.3,'1G5N','5L9207or1XjPy1Y'),('n36Kta137JSkE7H',40.44,'1VYY','809H5J1v4iE6668'),('N3eE08l4wC74Q45',0.19,'NJO4','yaI3Axcbh2Z2c5y'),('N4I9z1V8oTv05DW',33,'NLLG','LHU0J12Lq35V4R9'),('n5t4ua2v23L3S8o',66.9,'NJO4','2Z5546d4lgx55cY'),('N62Ayf6P05918V2',2.53,'NJO4','u8KYn97c1897eSu'),('n7x0A646W8JQ38P',53.07,'JNI9','jbIDce0yZJ6X3Hc'),('n818e538o30g9L6',28.11,'NJO4','S3PRu286trUqZ5j'),('NA98iLWw8G3LGJ8',13.04,'1G5N','831576g5U1J3614'),('nCDNP9W024I30iS',3.54,'WV7J','3321B9yq0xrET33'),('ND5x2J9R8jS1Bq3',35.13,'1G5N','1BHF3tJIu046N7d'),('NE09V3603',NULL,'NLLG','UP28MBM38391'),('NE31Q7933',NULL,'NLLG','EV77EDV52985'),('NE43B7275',NULL,'NLLG','FY47TUN40300'),('NE55G3669',NULL,'NLLG','PD45WOT56494'),('NE61X5911',NULL,'NLLG','JV67MTI17124'),('NE66B0405',NULL,'NLLG','NY14GZR94632'),('NE66N5124',NULL,'NLLG','PM58XHX45588'),('NE71H2256',NULL,'NLLG','NZ35XLQ89678'),('NE74M0871',NULL,'NLLG','QP02SYE47964'),('NE74M6592',NULL,'NLLG','NO82BAX82566'),('NE80E5551',NULL,'NLLG','VX68BAR38623'),('NE83K9493',NULL,'NLLG','IA29IQS63679'),('NE91T5473',NULL,'NLLG','EG95RTB75032'),('NE97X0282',NULL,'NLLG','OY94SZK34436'),('nf64Ug4x46twM99',40.86,'NJO4','cI134941I54qO4c'),('NG8R0TkWBO91p4m',11.68,'JNI9','r59Wwg684188CsN'),('nj81y4s4MGWk3B8',53.24,'NLLG','983Vj29C033dBmr'),('NMt1O361Sh68427',19.79,'WV7J','63423364TYhV9tq'),('nP3Qn0954xn4r0V',34.15,'JNI9','0e9K62nqz2q9487'),('NpfO35E7IgTQ322',52.95,'JNI9','N6N3Z1eH7874IFB'),('nr76P8R3zc5w8R6',4.57,'SXNF','498nls58AZ398sY'),('O1H45788413yPx5',37.54,'SXNF','A7Wt335xS00iXP9'),('o2gj9t2hQB924GD',1.05,'1G5N','72031PKSC284M75'),('o2HR79UIW3DcI3v',64.47,'1G5N','jbIDce0yZJ6X3Hc'),('O5N9s2TM0wje94D',6.52,'NLLG','63F19Lz09ceOCoE'),('O5WtrWvLhQz0820',57.45,'JNI9','e53dZK9Z1cUM568'),('O650jD7NJ901mcY',57.9,'NLLG','ZE664248Rs80558'),('o6KLr2yn6VTU1D3',61.83,'WV7J','pq85HlBdG8NF4GL'),('O73m498766U40Sv',23.03,'NJO4','S00f427rW53WOCZ'),('o7Zk24ZTMQ961Z8',42.34,'NLLG','8r2se05uZ5jo2k5'),('oMr4Gu9U0fWS7YB',59.62,'1VYY','327Px4Hsp163sWT'),('Onov28zr8TE94Ou',21.39,'1VYY','03bC144z1wWK52T'),('OO01A7197',NULL,'1VYY','AY38OQF67603'),('OO14E0167',NULL,'1VYY','AT19HLV57173'),('OO20E8329',NULL,'1VYY','QX75YWC61835'),('OO26V4144',NULL,'1VYY','XV40HUQ04740'),('OO29X6651',NULL,'1VYY','EE22TMX10817'),('OO41Q9202',NULL,'1VYY','RK48BOP88344'),('OO43C8099',NULL,'1VYY','QR03XCJ37459'),('OO49W8536',NULL,'1VYY','JF94VYA88954'),('OO58I4183',NULL,'1VYY','EM54HQI58682'),('OO59B1482',NULL,'1VYY','VJ92OYV94295'),('OO65G9691',NULL,'1VYY','IC95TLY24827'),('oO65q2dve6h2RGP',60.87,'WV7J','y19F5C85NzIY9D6'),('OO67L7721',NULL,'1VYY','BK77KNV91142'),('OO68H9901',NULL,'1VYY','WG11QVY31890'),('OO85U6024',NULL,'1VYY','LC72NRN52084'),('orfsYag1h85P734',60.21,'1VYY','aoEf3Z1u9K8362z'),('OvwSfm9LkNu8h7g',18.49,'NLLG','616j13Sytb5347m'),('ox1Z3K18J3y7lGP',11.19,'1G5N','X057L8TNDYNNNHZ'),('p03C6uA5V43KIaE',30.12,'1VYY','x852Khlj4d5cB1d'),('p0j3xo3HwLoSrQ6',8.03,'SXNF','4I0Yw1ZV51tW064'),('P0p2Pp8c4l706CU',49.69,'WV7J','bArob3p83mJ7n2H'),('P15iL15yP496V13',21.98,'NJO4','qmp05Q8G20RB204'),('p16339Kar3RgNMb',58.29,'SXNF','58370115y71pVdv'),('P1f8tRv17f35ME1',10.88,'1VYY','h2Ko1n5mj26b27a'),('p321X2qKuU137gO',57.09,'NJO4','2IvPl5G6sJV91pn'),('p5565316XWWGUC2',18.69,'1G5N','4V2Q2N78b6DRMz2'),('P573La6L1J97Ubp',39.16,'1VYY','Y892A1M897SjGcl'),('P5tYMY507K5OnWK',12.82,'1G5N','R4GLMb00Z07iH3T'),('P65G7kavY5G71B9',62.21,'NLLG','3seoW9qJ280Sr4H'),('P683Kp6q202y6qT',11.05,'JNI9','15U9Gok054PBD1j'),('p6swRczhXGqwp02',36.29,'NJO4','2o61xI75dS7DV8V'),('P77NCp0946141PH',66.52,'1G5N','K8h12n34w11a3WA'),('p821Op1zqX7a644',22.7,'1G5N','2B7619R6g45xAjq'),('Pa6r3lA9n0Uyr05',33.56,'1VYY','rYe08et918J2696'),('pBV6bzw142n7b61',53.27,'NJO4','c81540D495xnn04'),('PBYK76Gz7Z133g4',7.39,'WV7J','6673f0o81n10g12'),('pdHO337gVMgF55C',60.61,'JNI9','YLoh09kQC60z8t9'),('PFlDS86v3VRrZZ4',31.43,'NLLG','Y9mW3763f33fl92'),('PHKhMt6S215242q',59.59,'1VYY','95b6fNYa1DZI74j'),('Pj87G16TL27141C',55.59,'1VYY','7Aqdao0fAYYh231'),('pkd70N7m0nMQ7a1',32.86,'WV7J','R54b225X71WONE1'),('pMGN4o2P50Z2Rb5',30.96,'WV7J','8938508vYs3SexH'),('Puof4Ee8481bmcQ',11.95,'1G5N','T630JU42Ac5weO5'),('pV1SFw7w05e6A97',16.3,'WV7J','x444f3bwv1004Q1'),('pV3bI2w50l92SS9',29.91,'SXNF','649rAnV4a8ym7xo'),('PW32CX627945x4m',66.45,'SXNF','L5s7Gi5pB0v14WN'),('PY8oN4D9198E0eB',55.98,'JNI9','zw577i316Zv99H4'),('q0xZ655k3lT8r2p',32.15,'SXNF','LH392x38o873j8C'),('Q277Newq6Qs16Mr',4.86,'NJO4','71u7460zX9k90S5'),('Q2v88ebV0Gnn39F',67.01,'JNI9','M0UdeD8p1oc1302'),('Q32QQ06658D221i',42.69,'1VYY','2G88DBLIaM3Q00f'),('Q36bgF7406Rg2OV',20.44,'1VYY','D9Mu850or9QiK8H'),('q36h1G45h8r1a09',42.32,'1VYY','65E2908Zf8w3I88'),('Q3s9hrGXP55K8T8',36.81,'NJO4','5u811YIlRp366P6'),('Q5l2Wd0008k73DI',28.93,'NJO4','719I705x63U2701'),('q62A401e4RTJRq8',44.01,'NLLG','578V20koHV2m09t'),('q7ZZWTF469i49Sq',40.49,'1VYY','w9cqYtJB8103758'),('qBF18V099lM4g27',0.64,'NJO4','a4Gr2ycES7M9L3d'),('qBm0ol357057M7u',60.72,'JNI9','9mW44WpYhOa4W75'),('qiIE4z7x2Ju4l9L',0.76,'1G5N','0l6730dA26nWGtk'),('Qj7Bn4k6vSy5tLY',26.9,'WV7J','z7GGF4g7RY925Fb'),('QLV8mDh790967L2',52.45,'1VYY','HKs84255l3irxjT'),('Qq8b8y132008998',23.02,'NLLG','2JhY6382Dar9PQX'),('qrt3251OxeJs8x2',51.58,'1VYY','5W2714Q757540dH'),('qT3nYS14Gu6p1z5',22.05,'1VYY','885G5k6ZswG4343'),('QuS9IJl1Q4c74T4',4.13,'NJO4','2se1Ih11usKh9Qm'),('QZt90803778gx05',21.87,'1G5N','8StUt1OTeA91PKb'),('R00Q3K7h71i4qiQ',66.29,'1G5N','o7mJ7JxFA21U973'),('r0423MnjOX1041K',35.4,'SXNF','L4dan054AI85B1N'),('R0m5gH8800G0KH2',32.75,'NLLG','9Y57IK69N76Y9g5'),('R1X4418DI6DvU23',38.36,'1G5N','2o61xI75dS7DV8V'),('r205v17vn83br23',34.3,'1VYY','xv6x3a084UDN475'),('r2Qx28W5E9XK288',44.44,'SXNF','k216N467enfch46'),('r37RVmG296E45h0',12.52,'1VYY','13PV9631011wt5m'),('r3hfjG9xP3233B0',24.43,'1VYY','n89lwdv6040w073'),('R459yOu7KaX9an2',54.35,'1VYY','g9zzd0fTiU93PxC'),('r47002uL3xG815z',50.71,'1VYY','8H0C286j597k3Ka'),('r4Q77Q7022626rb',12.34,'JNI9','iB0N920j6R2arne'),('R52266443aL43cO',41.37,'1VYY','rv43O592NudO76K'),('r5GPz2K656Li9Q8',18.87,'NLLG','U84010z3508216A'),('r6568H6L2400ui6',35.54,'NJO4','h23d71F2cHytfx8'),('r78E73333jW7Q1B',34.23,'1VYY','1KIL93WTUx6Yg09'),('R9r728O8430B4m7',63.64,'SXNF','92w94J8Qdx462j9'),('r9s705nR8kzF0Z6',57.6,'NLLG','bdWwJD20309kE3O'),('rd5Z900d95X8o32',13.34,'1VYY','D19n3nT6s01dPAq'),('REJ5537vl4b03yA',58.2,'1VYY','268m97c9618n2TG'),('rI31CH41Z07dz37',26.95,'WV7J','8r2se05uZ5jo2k5'),('rlEPm16d17X2068',45.89,'NLLG','r2O0bg9t692z801'),('rm67S30t6Ir9Fv7',8.09,'NJO4','28jB321252V05tX'),('RR6G2A7MJ4Jb71x',50.82,'WV7J','91Q32UEG96y5j71'),('rS0gK2YSHa53J59',26.11,'WV7J','87tCkZ5Tl1UK8J3'),('Rzb15685b9gS607',63.69,'NLLG','bY18Q32H0e7L003'),('S0C105O2l7F690d',0.32,'1VYY','1t105r58u10S43f'),('S480z0I6U4MkJG9',3.74,'NLLG','223lCcwKC7j7281'),('s4B85AR1iRdB0Bf',4.31,'JNI9','1ud8M239l2fXb8k'),('s5ROP7u7c8dK2z5',24.03,'NJO4','zfRO35Y1s75jO0J'),('s652gi4D2Fz2me8',4.15,'1VYY','9T5Y4412EWYNel6'),('S7586Th29YjW2u3',43.33,'1VYY','4k891vMSs54h6Sp'),('s8G5s469645UxlB',50.44,'NLLG','Zf630SPiUKt0V9D'),('S8j10u8zI93r788',17.21,'NLLG','D7YdP27EMi47a35'),('s90Rq5Likq2Q56B',62.49,'SXNF','8A930xX8VP1o305'),('S9Xt09B1d1q6nno',33.01,'JNI9','75b45K4sO7kiw4k'),('s9y5YaUK3S5ED32',52.5,'WV7J','079I7JhW39InGbo'),('sgCU15uRNcu8CI2',29.55,'NJO4','63R5y75hKGvr145'),('Si0H63E5a00yf66',57.08,'NJO4','SgX856JM1qm65D3'),('sI59rvv1Zazio45',37.36,'WV7J','6y72S7234VJKw75'),('SKJf0159scF1TLr',49.11,'SXNF','8938508vYs3SexH'),('sMnf6a5V3uFlGu6',1.37,'NLLG','5O9392Ag4584k32'),('sn906j6f6I33Db7',42.89,'JNI9','Y892A1M897SjGcl'),('SP0FC5KNG73T2lB',4.49,'NLLG','Q18Q925F4Wh0458'),('st4831x152K9178',26.62,'JNI9','0rBWGa07Fs0JXbF'),('sx8TO97rU2a79Hh',63.81,'WV7J','R85BcfsKD1LP0K1'),('Sxyy3Vk9m02V492',68.94,'WV7J','in0094926MoQx51'),('SYG4398Etbj4IV7',45.06,'1VYY','035P44QjTH4mH02'),('t101JR4Oy073L0i',29.7,'SXNF','8B646cC67237391'),('T16j2F08Q0D4Cj8',11.3,'NJO4','b7twHg76Pg2M312'),('T24b4cY43NP4h0P',8.97,'WV7J','lf69Bxz98u1I8F4'),('t2e995EB3TB1kYh',5.12,'JNI9','yG65m3e54R3030C'),('T35135f5R24jRMK',6.06,'1VYY','nI7s7490S05zv1z'),('t68vA4163x1U91r',64.52,'SXNF','Swmz8E3ftK205fC'),('t6FfJOl0t39z42b',48.33,'JNI9','57e839326s71w06'),('Tk704a31xp58215',21.25,'NJO4','48P05XY717862lg'),('tn304VyH72B7uRp',12.59,'1G5N','lKQt7Fh0oR59r9E'),('trdQ70drS7ASql8',34.3,'1G5N','b7twHg76Pg2M312'),('trQF6UVr127SxY9',53.89,'JNI9','2iW6MPP0BTQ2h3e'),('tUiAF8eY24468E0',23.04,'WV7J','f53dP23e3c16M66'),('tV9fTB8rL68l399',16.04,'1G5N','67vr68N7k6Nd2u9'),('twZZC88o2C1krCP',68.69,'NLLG','7Q19j19imbX9283'),('tYvF69J87QO1J8s',68.77,'1G5N','H6i9c72krNutL14'),('tZ7FM18o7sIT005',56.21,'JNI9','EF2394ep79BG68l'),('U11YtTlZo78gKdj',14.71,'1G5N','k21haXZW06Fqz20'),('U18I7106G5M96xO',39.44,'1VYY','q2uL4mxf8w68sJ2'),('U1l1i9ic83oYD8u',32.45,'1G5N','NPUk87lH1cA653e'),('u2N3820OflOGv65',63.03,'1G5N','Z520oVN8GQ2ea1B'),('u4jYP20Df004E56',47.57,'WV7J','614Z60ar59H31Bv'),('U523HA843nXf1he',36.92,'NJO4','sgLe3059dk6854S'),('u5Co0ZIXW9S921G',11.04,'1VYY','z9n143s18392iLt'),('u636A1v59F265p3',64.92,'1G5N','5835xc7C0o887F4'),('U6f60vmHB61foz0',2.22,'NLLG','zV3x8568Vc88uvR'),('U6W4J20eiVd7078',45.34,'NJO4','SA7657TZZUG4XHw'),('u7045R73fm3OB23',48.43,'SXNF','A7lH7N62N3pg0k7'),('u792503Q9PY1Pu0',58.36,'WV7J','4Mu5NU98qG8ibFx'),('U7kj0848u62E072',27.3,'NJO4','ze7SD2gBSD81Gu4'),('U7u1910g4447Ioc',43.58,'JNI9','1eIIoR2417G3a9f'),('U847itHLt885IXp',25.91,'WV7J','9RZ24Q7q47CL018'),('u94420BN2O4Vbs9',65.78,'NLLG','Gf3i70Km3fwZ1hM'),('U9yh15J3yd1957W',44.18,'1G5N','C0F9B0H9B1Voi6w'),('u9zO8IH44Nd8Ky2',38.17,'NJO4','9T5Y4412EWYNel6'),('Ua78wq324Jbfd8T',50.47,'SXNF','223lCcwKC7j7281'),('UAe9157B5A4YD4s',9.82,'JNI9','H6i9c72krNutL14'),('UdKI8G07R9z6447',26.49,'1G5N','w007gK4t5a1hD6j'),('UfG85U7375Rc089',21.1,'1VYY','MxLdYZ69qxl1u7A'),('UK364KsP8fT8lK0',60.32,'NLLG','52HGiBk466cq27h'),('Uo55E693pxa966X',44.31,'WV7J','10v872sP2L848RL'),('UQV48wXM26552f1',5.3,'NLLG','SA7657TZZUG4XHw'),('UT46H971r741vk4',31.57,'SXNF','A38N46btKy6SEEg'),('Ux3cD39Z5563P47',62.89,'1VYY','0l6730dA26nWGtk'),('ux576a4Ifn89403',27.59,'1G5N','333pD61TUEa5ve8'),('v072006wdz62m0g',18.2,'SXNF','f8mbd3y3665629a'),('V0t58Xu1WAcd8Py',6.31,'SXNF','i629g32SA48T778'),('v3014q5j3dCj99O',10.61,'NJO4','in0094926MoQx51'),('V38ir9mv2oajws6',22.92,'JNI9','718056007h6D36Z'),('V74q124siHAJ3Iv',20.47,'WV7J','FNeCw10tx680Nl1'),('V8dkT13283n52h6',46.27,'WV7J','B340UC6nWm3yivA'),('vG6F18o550k6Ma4',31.65,'1G5N','9d7669w1gwj412B'),('vK5461Y9J2DG1XO',30.99,'1VYY','D7uIU1205rS8G9e'),('VL8U63655707eQY',15.47,'NJO4','L5s7Gi5pB0v14WN'),('VonWX2U4xEM5hFt',26.73,'WV7J','1BHF3tJIu046N7d'),('vW56qj5s8po6ttl',17.46,'JNI9','NPUk87lH1cA653e'),('VZ9ks0H82a30157',21.5,'NJO4','6673f0o81n10g12'),('w0l1t9C3odq9z64',48.77,'WV7J','2a4t2pz6q24vlUm'),('W1527428QM2o195',33.18,'NJO4','k216N467enfch46'),('W2Xnj3Zel1Q1Uu3',52.14,'WV7J','S1DwIMAO054Lu1q'),('w40OG46i7sb73nA',9.75,'SXNF','HKs84255l3irxjT'),('w43MAlu4H69H9a6',36.94,'SXNF','67vr68N7k6Nd2u9'),('W4Bf6oLj4y130g2',67.3,'NLLG','lC2y54bck5889nv'),('W4e457o11x5898j',39.72,'1G5N','5xE69P9yP3M7V71'),('w4e808wby0T6e3q',0.58,'1VYY','N7XS9b36EW6M532'),('w4Rcp5b59d6u3kL',5.56,'NLLG','823aM0c6xTN74gI'),('w5453964AOvDqt3',46.36,'NJO4','d30VB78O0SYsKQ5'),('w5HW28p7eW33147',15.91,'NLLG','W299P6i37oM9t7I'),('w60Jkkuld9uqs66',46.87,'1G5N','56398ky5U61R705'),('w6458Pv5356ley0',30.61,'NJO4','JXU8VDHWF6v4shW'),('W79CuA7u3gj6IWV',25.81,'1VYY','5LTA0591rH82L8B'),('wa19748JeT430S1',26.64,'1VYY','L40D77bebCH3UV2'),('wH8jtVo1P6c7mYn',25.53,'WV7J','5T1332Il411732M'),('wKVbS02q725Q4c5',5.81,'SXNF','R899T127r0kH6Ec'),('WNH18ldc5O6581H',65.75,'1VYY','m08y0Nh04HkJn8b'),('wpN84ZmV80Jc3Zu',13.3,'NLLG','4X8T0P96u87501f'),('wqB1N737cR5084X',13.43,'SXNF','jbIDce0yZJ6X3Hc'),('wYp260T085Ew3f0',65.31,'WV7J','gtpJA49b57D84u5'),('X0e903T1ifP22YN',9.85,'1G5N','127F661DR3175o4'),('x0p87BN042p5p6G',32.35,'SXNF','nli038pvUV351QS'),('x17C5I42k637a45',18.27,'WV7J','J76a7FCt5saT9k1'),('x1Y0l4f5OFsHo8N',54.5,'WV7J','3qyb02E59s3yP8n'),('x26T9366uPhfp84',67.39,'1G5N','35BWq36j1rY9DcR'),('x2o02wYpRK5249N',57.04,'1G5N','w9cqYtJB8103758'),('X3q0SVVBV5128H1',52.39,'NLLG','i248470320278Iy'),('X3T5n585Mg8e7wJ',3.82,'NJO4','n2ro7V7pWB7RAQQ'),('X3V55d1v285p2L6',19.17,'JNI9','7dn8qZo13WF5f55'),('X43435017mdHYn5',31.71,'SXNF','478v1Zf9my2B043'),('x53U8yOV6AH7q3e',30.11,'NJO4','8r2se05uZ5jo2k5'),('X698iDSe3Y8Pc3I',37.27,'JNI9','56398ky5U61R705'),('X6U9oSR0056N738',51.27,'SXNF','1eIIoR2417G3a9f'),('xd8j4QPf4bI03D8',50.73,'NLLG','64J54M56D800t43'),('xF8NhWm5X6jLcCj',13.13,'1VYY','9zb6AFn4YS4Vz4T'),('XuI8wYG0Q0b5620',7.6,'NLLG','x6JY4z54b718o7L'),('XXVl795X6T4dR77',17.49,'JNI9','82ypP05xe9X1w3A'),('Y0l83B3352qP54o',14.04,'1VYY','6yz97g4529xt2QE'),('y17uX66RbR009Q9',35.23,'1VYY','8938508vYs3SexH'),('y1YEa1N07Tt0Y91',34.94,'1VYY','5u80z511oknH0yc'),('Y3Khia3i2tY42K9',1.49,'WV7J','FNeCw10tx680Nl1'),('Y70Ag037o1518DD',28.09,'WV7J','6UT0i120crB14f1'),('y7Vjdj50kT589J7',29.75,'1G5N','M0UdeD8p1oc1302'),('Y81345Ni7xn2c15',35.6,'SXNF','1j7A5G18u8WpQCu'),('Y8st0de178z22g8',65.17,'SXNF','558Nr6oUz66aB20'),('y90614QB7ae76M1',45.96,'1VYY','51W421Vi75WZM4U'),('y9n97892RR9e91Z',24.41,'JNI9','FJsE57g4o24pL58'),('YA08pHvq8Lv6X3G',35.64,'WV7J','9d7669w1gwj412B'),('yC1518JA92uE87v',40.3,'JNI9','lKQt7Fh0oR59r9E'),('ydg7192d4bTS4F8',25.11,'SXNF','H6i9c72krNutL14'),('Ydy259rJ04wh84C',46.43,'SXNF','s4j2CaaJ3053924'),('yEO34Of6Pm3rkD0',21.5,'1G5N','4X4254h706j7405'),('YgQyQTo11ey764W',0.51,'JNI9','66SF46SLhxTFBlb'),('Yk8v1L8219lZ7XV',52.24,'NLLG','3321B9yq0xrET33'),('YpX13Cp68JS3L1U',45.05,'WV7J','1h0q2a69374BS3k'),('yU1w9MEI5XUkg0Y',47.89,'1VYY','5b5R1R9T9JPbT5L'),('YVO5Ni5O2yjAs9N',59.57,'JNI9','CtHvQ44gJ4r43P5'),('Z0Q40FFL1315X9x',10.57,'NLLG','y665p4cJ15D915B'),('Z1313EL131Q5rDI',4.51,'NLLG','L454r997557YC64'),('z25o87516959q3c',54.09,'NLLG','A38N46btKy6SEEg'),('z28904Eom9n6v67',3.54,'SXNF','cw53O83696q67G0'),('z3W3VF252li4O10',53.51,'1VYY','d343lT86CtXqxiB'),('Z49622n7uR7928L',15.97,'NJO4','E4bxz6Dx5eXr54X'),('z60Cj6q88ux630B',48.58,'NLLG','902A5kba5tW523y'),('z6ggb03U6m03w98',56.6,'SXNF','2j7ZC1O99VZ2w16'),('z76H174Xc5641EN',37.29,'JNI9','63423364TYhV9tq'),('Z79UPY16FPt3107',61.89,'NJO4','Y9mW3763f33fl92'),('z7a0773FCDcIr9i',4.22,'1G5N','6Y20WxCf4t36T8R'),('z85watIDxC8H87P',18.08,'1G5N','3C6C369D9z76J9y'),('z8kPH4b145733zU',34.33,'1G5N','4sLq5N755c20o2U'),('z91Q2I6MhKf63E7',37.47,'JNI9','A7lH7N62N3pg0k7'),('zdl421Y07h3Cpl4',29.35,'NLLG','8ld1779Qd9GSL02'),('Ze96T046Bs4tHh9',65.76,'JNI9','q13K4i11Z59l9lH'),('zgWdr5DM27297n2',28.1,'NJO4','Nd6jYtB0914B9m6'),('Zivw2Q7H8647DJ5',16.44,'NLLG','59xZ79l4164IQW4'),('ZjVbB2g555526mu',63.66,'SXNF','L65218be49V7134'),('zr9cwX84XctJK0R',10.42,'1G5N','uX34y8n5ajbDCm7'),('ZU213E265Rd19s1',20.67,'NJO4','616j13Sytb5347m'),('zWkbL50pL7s722L',31.02,'NLLG','578V20koHV2m09t');
/*!40000 ALTER TABLE `Tags` ENABLE KEYS */;
UNLOCK TABLES;

--
-- Table structure for table `Vehicles`
--

DROP TABLE IF EXISTS `Vehicles`;
/*!40101 SET @saved_cs_client     = @@character_set_client */;
/*!40101 SET character_set_client = utf8 */;
CREATE TABLE `Vehicles` (
  `id` varchar(30) NOT NULL,
  `licenseYear` int(11) DEFAULT NULL,
  `licensePlate` varchar(15) DEFAULT NULL,
  `licenseCountry` varchar(30) DEFAULT NULL,
  `vehicleType` varchar(100) DEFAULT NULL,
  PRIMARY KEY (`id`),
  UNIQUE KEY `licensePlate` (`licensePlate`)
) ENGINE=InnoDB DEFAULT CHARSET=latin1;
/*!40101 SET character_set_client = @saved_cs_client */;

--
-- Dumping data for table `Vehicles`
--

LOCK TABLES `Vehicles` WRITE;
/*!40000 ALTER TABLE `Vehicles` DISABLE KEYS */;
INSERT INTO `Vehicles` VALUES ('00W2bvwYw4944Nc',2014,'BVS-088','DK','Car'),('014I259W365g4lD',2017,'LYQ-135','DE','Car'),('014I3co092C9326',2020,'WCA-406','SE','Motorcycle'),('02097L81kip4gzN',2001,'ZGO-030','FR','Light truck'),('022jZCcrcuN156J',2001,'PZH-050','IT','Motorcycle'),('031703B6zZsxwjs',2006,'AWH-711','CZ','Light truck'),('035P44QjTH4mH02',2000,'TLM-380','DE','Light truck'),('03bC144z1wWK52T',2010,'RMP-851','DK','Motorcycle'),('03I8032ds4v9498',2003,'KJB-286','DE','Bus'),('03T375C5x8IjU93',2006,'XJI-321','IT','Light truck'),('0496730wg45g2tz',2002,'MMC-188','BG','Bus'),('04qeC6t75012T1f',2015,'WTS-386','CY','Light truck'),('05R5i0o70oNw201',2013,'UIM-563','LV','Motorcycle'),('066g5wThG187tlZ',2000,'HSO-779','BG','Heavy Truck'),('068Bq0u96h2BV8H',2004,'OVM-726','HR','Bicycle'),('06Fb4i8Ac41LWe9',2002,'IYT-437','IE','Motorcycle'),('06jv46Rw6672lQY',2000,'KVG-330','DK','Motorcycle'),('06M359071X09v9o',2014,'YMI-639','FR','Bus'),('0717t639S8X98e6',2000,'MWW-914','DE','Bicycle'),('071yn2T5li7429t',2016,'GET-710','FR','Car'),('079I7JhW39InGbo',2012,'JIC-328','CZ','Motorcycle'),('0893dlSLJ4A9sS8',2001,'MWH-310','DK','Heavy Truck'),('0a0LZy2wIuNN7z2',2018,'JYI-277','CY','Motorcycle'),('0a7064tD0r632EK',2021,'XES-297','SE','Car'),('0b1t8HxF81T1599',2004,'PVS-917','CY','Motorcycle'),('0cmjR8Cb80E8123',2000,'QPS-816','BE','Bicycle'),('0D6hT9b7ZL6Rq5C',2016,'MUY-994','EL','Bus'),('0e96V77w4ceQ1sN',2001,'FMX-444','HR','Heavy Truck'),('0e9K62nqz2q9487',2011,'XBR-924','IT','Bicycle'),('0F560duYf5h41r4',2012,'BKW-465','BG','Bus'),('0G0536zSg1qcXy0',2017,'YRC-987','BG','Heavy Truck'),('0JSP3337jb1y4C9',2011,'DJE-623','IE','Car'),('0l6730dA26nWGtk',2019,'ZWY-609','DE','Light truck'),('0L6ZNQ54is3k2P0',2019,'DTN-558','EL','Bus'),('0n7T08zv92K7c16',2017,'KEF-325','EE','Motorcycle'),('0NPg27800wVYm29',2019,'EXO-549','SE','Light truck'),('0OiEXOk47ppSwKb',2007,'GBD-206','LV','Car'),('0q1d2YP99689y49',2008,'GTK-236','HR','Heavy Truck'),('0q7vf64463O7Z00',2021,'ZCM-304','CZ','Bicycle'),('0rBWGa07Fs0JXbF',2001,'PQL-154','BG','Bus'),('0U66N8ds2pN670l',2017,'HML-472','IE','Motorcycle'),('0uAmL098njE7G01',2017,'PXM-080','HR','Light truck'),('0uv43H7oQy5PN21',2002,'OEP-611','DK','Motorcycle'),('0UY1z2744e7L08P',2019,'VYF-555','LV','Bus'),('0X8h37u9k9FXBNs',2017,'UIS-199','EL','Bicycle'),('0y1M3B0YG97W6fT',2007,'FTP-272','DK','Bus'),('0y893snvW6Y79J0',2017,'XMA-083','IE','Car'),('0Zj256791ZQljXk',2004,'AHN-325','SE','Motorcycle'),('10v872sP2L848RL',2001,'UDK-696','LV','Heavy Truck'),('127F661DR3175o4',2018,'LPD-542','DE','Heavy Truck'),('1302jZvH7P8ZAoO',2019,'NRH-831','CY','Light truck'),('13PBJS3ZT82Em6p',2002,'CBB-071','DE','Bus'),('13PV9631011wt5m',2019,'DIP-624','CY','Motorcycle'),('14sQ4M4TeurKxU4',2011,'PWD-688','FR','Bus'),('15173V3I5kjPy3G',2004,'SCN-281','SE','Car'),('154ke454z0DLG62',2000,'CBY-823','DE','Bus'),('1550436ND821700',2010,'PCJ-019','ES','Car'),('159L32u6V130CP9',2020,'HEH-844','DE','Bus'),('159q8706aO61Y2u',2014,'VOT-509','SE','Car'),('15F249T9060d21x',2004,'BYL-665','BE','Light truck'),('15U9Gok054PBD1j',2010,'QVI-807','CY','Motorcycle'),('16lY9oFPIgxdE27',2006,'IWP-598','EL','Bicycle'),('173D55axuQc75Q4',2007,'YJW-852','CZ','Bus'),('1745Og4Gpf9509r',2008,'MMY-429','LV','Motorcycle'),('1777nB8k28T78ez',2021,'INO-419','BG','Heavy Truck'),('1805CC6lQ9B4v32',2021,'KJC-817','DK','Motorcycle'),('18oUZrC5pJ1Xj04',2002,'XBN-188','EE','Heavy Truck'),('19Eztt7T42604R9',2001,'CIR-076','HR','Heavy Truck'),('19H7kx61N4Udtsy',2006,'ZQB-845','CZ','Bicycle'),('1A6bvqA72VP7vU5',2010,'ODN-875','IE','Heavy Truck'),('1B2F0J21OYe5VbT',2004,'PNE-683','ES','Heavy Truck'),('1BHF3tJIu046N7d',2003,'SHO-066','IE','Light truck'),('1bjEO742StX30sV',2018,'UAK-328','CZ','Heavy Truck'),('1C3862tkdv3F451',2021,'MLB-119','SE','Car'),('1CKI0v5928qq14Q',2004,'NJY-077','SE','Motorcycle'),('1dnH395mhz075E5',2002,'GUI-540','ES','Bus'),('1Dy166H6qE3MH8E',2017,'FAZ-987','SE','Motorcycle'),('1eIIoR2417G3a9f',2005,'NJV-388','EL','Motorcycle'),('1h0q2a69374BS3k',2021,'RVC-758','FR','Motorcycle'),('1H810DeQ07D3IV9',2001,'UNU-369','BG','Bicycle'),('1I2m2J6fNA4khnN',2014,'NGT-709','IT','Heavy Truck'),('1I4ALiD93804Z1p',2014,'EEA-087','HR','Motorcycle'),('1I8T947K83F5045',2003,'IQS-854','SE','Light truck'),('1iD9I585I337R8m',2009,'MMB-943','DK','Car'),('1j7A5G18u8WpQCu',2002,'YZA-286','CZ','Car'),('1KIL93WTUx6Yg09',2011,'FHN-164','BE','Car'),('1m4n6JL1056WC53',2015,'NWJ-473','LV','Bus'),('1MA3EMq48eV8853',2003,'HIB-181','IT','Bus'),('1oaK403471M7R1G',2010,'OMO-358','EE','Heavy Truck'),('1oJ1i83Wf4Kde7O',2017,'AYN-754','FR','Car'),('1pd6MwnV945GV10',2021,'QZV-625','CZ','Heavy Truck'),('1q39sD72XnIEM47',2013,'VIO-498','EL','Motorcycle'),('1rnd082K098s934',2017,'EEW-759','CY','Motorcycle'),('1rSZuYw1ek2Ej80',2019,'GEV-781','CZ','Bus'),('1si5R03uM750lpM',2003,'TWC-160','SE','Bus'),('1Sv63Dy8884B560',2002,'VMM-592','LV','Bus'),('1t105r58u10S43f',2007,'LCE-684','DK','Bicycle'),('1t3P2zT5810pj30',2008,'QOY-783','LV','Light truck'),('1TlwBhnzr0n0gRj',2005,'HPE-328','IT','Bicycle'),('1U17tJ34Il4L1J9',2003,'YFZ-193','ES','Bicycle'),('1ud8M239l2fXb8k',2003,'YDK-114','IE','Heavy Truck'),('1vT3suT2JN11nO7',2008,'QNG-456','DK','Motorcycle'),('1wl6Q768L5W90rs',2016,'VRI-109','HR','Heavy Truck'),('1xA9Nf2ck67502V',2005,'ZVS-222','BE','Bicycle'),('1XCBr9J3n7yN141',2012,'EGF-947','FR','Bus'),('1Z20KSrC0Up03X8',2002,'IWA-012','EE','Light truck'),('203R9P91LbatkeG',2009,'OPL-424','LV','Heavy Truck'),('208b3OY0639n39Z',2008,'XND-624','ES','Car'),('20h381Ln334TT02',2004,'JXQ-462','EE','Motorcycle'),('20qVggQal5Iv06t',2016,'ANE-781','BG','Bicycle'),('20XO7o10Z1wR247',2012,'SLW-182','DE','Light truck'),('2103gIO7Q979VvL',2017,'LMT-579','BG','Bus'),('21Cw29m0SJ66A65',2002,'FKE-010','DK','Motorcycle'),('223lCcwKC7j7281',2001,'XCR-123','ES','Heavy Truck'),('22U1b8xP9O29R2D',2012,'VVW-201','HR','Bus'),('22yU27904dl2o9r',2010,'NFT-120','CY','Bus'),('232LK8Pd9CsJ7b7',2010,'OQF-391','BE','Motorcycle'),('234YXOH17id6zw9',2013,'WUN-830','DE','Bus'),('23eu9e80S8vv158',2013,'JTB-570','BG','Motorcycle'),('24STz35H7590y0P',2016,'FLS-405','BE','Bicycle'),('24zy15300852782',2021,'GVD-320','CY','Heavy Truck'),('2587S6f08p0563t',2006,'YCF-931','CY','Bus'),('25xh7po2zE3IM81',2012,'ONV-711','SE','Light truck'),('2685jQ53gS1a77a',2019,'TIU-296','HR','Heavy Truck'),('268m97c9618n2TG',2012,'LRV-874','HR','Light truck'),('26di621VXi6YVOT',2015,'RKG-976','BG','Bus'),('28jB321252V05tX',2012,'RCY-069','EE','Heavy Truck'),('2a4t2pz6q24vlUm',2005,'CHJ-849','CY','Heavy Truck'),('2B7619R6g45xAjq',2014,'EOA-979','SE','Motorcycle'),('2Cqhv6lnJi93R2T',2017,'VJP-344','IE','Bus'),('2Cx708B2y2XkhHl',2021,'AYM-041','FR','Light truck'),('2dBV89z5jc72Ig9',2021,'ECO-642','BE','Motorcycle'),('2E3dZS11t174d19',2012,'SZP-851','CZ','Light truck'),('2E87Q6241f44B1P',2011,'CUV-082','CZ','Bicycle'),('2G88DBLIaM3Q00f',2002,'LCN-558','EL','Bus'),('2gDoQ1aM7B9V69A',2012,'OUE-092','IE','Bus'),('2H4X0gC86yzI26t',2002,'PPQ-616','IE','Motorcycle'),('2IvPl5G6sJV91pn',2018,'PJU-797','DK','Car'),('2iW6MPP0BTQ2h3e',2018,'UIB-850','HR','Bus'),('2j7ZC1O99VZ2w16',2003,'JFQ-360','EE','Bicycle'),('2JhY6382Dar9PQX',2000,'APZ-878','HR','Heavy Truck'),('2Kv7KjrwSjcRCTK',2007,'NEK-734','ES','Car'),('2L0c5BIrE5aw594',2010,'OCG-398','LV','Light truck'),('2l276JTNfk9p118',2004,'HUU-492','DE','Heavy Truck'),('2N4slsB2b5e269Y',2002,'LRH-066','LV','Motorcycle'),('2NWY478H103W6lg',2003,'YKU-088','IE','Bicycle'),('2o61xI75dS7DV8V',2016,'IUT-273','DK','Bicycle'),('2OmD92C960gm312',2021,'XKR-692','CY','Motorcycle'),('2pO1Ww8n8v4Lu18',2015,'UNG-476','EE','Heavy Truck'),('2s7W79006V08857',2003,'EES-756','SE','Light truck'),('2se1Ih11usKh9Qm',2021,'YFL-938','ES','Bicycle'),('2SN6G3356MRcU28',2007,'QVC-428','LV','Heavy Truck'),('2tdnAkGW44CQ27M',2013,'TWZ-991','CZ','Light truck'),('2v070ue17X857b6',2013,'ACI-513','ES','Heavy Truck'),('2V902BwM63I46r6',2012,'FQC-696','DE','Light truck'),('2y0ZV093U73YWAS',2014,'ZDB-890','EL','Heavy Truck'),('2yF54O2W2o9h29a',2006,'TSP-785','DK','Heavy Truck'),('2Z5546d4lgx55cY',2004,'BRE-863','HR','Bicycle'),('2zvn2w60Uvl721N',2005,'ONY-107','DE','Bus'),('301nuA5ARa2p3G7',2010,'JYT-263','ES','Car'),('308a747N6dd6P90',2005,'WBK-198','HR','Bicycle'),('30n73YusK8Xky7A',2005,'PYQ-503','EE','Heavy Truck'),('317Ffd2c4agmtn4',2019,'NHY-207','DE','Bus'),('319QcS79v9frLpW',2020,'GZL-336','SE','Heavy Truck'),('31eFJCbAq630Mdn',2002,'AOV-555','BG','Bicycle'),('327Px4Hsp163sWT',2005,'UPY-640','HR','Light truck'),('32j68264W8P3yxf',2015,'WFO-532','SE','Car'),('3321B9yq0xrET33',2015,'XRF-514','IT','Bus'),('333pD61TUEa5ve8',2010,'CXQ-023','EL','Motorcycle'),('334G0154o4484F9',2018,'OPG-347','IE','Light truck'),('3401HAE58Z6W342',2010,'YAM-757','CZ','Bus'),('34K2uZ0Q7n372YQ',2016,'JPS-655','EE','Bus'),('35bJ53O1Y605VL2',2003,'DLS-246','DK','Car'),('35BWq36j1rY9DcR',2009,'EXG-198','FR','Light truck'),('369f9y2i7lWZq12',2020,'KQE-427','BE','Bicycle'),('3767gN745i7HaUz',2017,'ITD-801','CY','Heavy Truck'),('37Gh8R95AW32698',2020,'OQF-023','EE','Bus'),('380112E51T7163l',2013,'IJH-556','HR','Motorcycle'),('38d2r4cgH44H8x3',2003,'RQI-693','IE','Heavy Truck'),('38gYv44B2389z3q',2021,'EJB-112','DK','Light truck'),('38N3579u79UZfjk',2005,'IHI-391','BE','Heavy Truck'),('38tE8w11ITlfH08',2007,'XFZ-699','SE','Car'),('38u80871h988148',2015,'WQR-493','EL','Light truck'),('38w27F4UqK340T6',2000,'ZXQ-569','IE','Heavy Truck'),('39440g09u459KU1',2010,'IPG-827','ES','Bus'),('3a18ML517xL42Ww',2008,'CYO-645','IT','Motorcycle'),('3ARn9C7yQ2a59ln',2015,'FAP-522','EE','Light truck'),('3C6C369D9z76J9y',2011,'KCV-494','CY','Bicycle'),('3Ce8rz7CP10P3xC',2019,'NIG-472','EE','Light truck'),('3E7S86u81909573',2019,'NJT-589','DK','Light truck'),('3f8x15V7dWc26b2',2002,'SCG-976','HR','Bicycle'),('3fU297TS3GN1652',2021,'FEI-588','IT','Bus'),('3j2CX1683J4s55j',2010,'UWW-982','BG','Bicycle'),('3Ot180784rJ2xSj',2011,'UGA-847','HR','Motorcycle'),('3p06l00ITS9AM5p',2008,'IYB-471','IT','Car'),('3p445YO3rMweGOn',2006,'AZW-052','EE','Heavy Truck'),('3q245O6020mU01T',2001,'TWP-602','CZ','Car'),('3Q6KLjG0ys1j9FT',2006,'TPG-709','IT','Car'),('3qyb02E59s3yP8n',2017,'FVV-202','ES','Light truck'),('3r4063z77Yl6389',2018,'MKZ-351','CZ','Motorcycle'),('3rrgW5O78kmXX58',2013,'QEX-380','FR','Heavy Truck'),('3S95cWd0IKVIU78',2000,'ESX-945','LV','Light truck'),('3seoW9qJ280Sr4H',2013,'TVM-895','SE','Motorcycle'),('3T5TY60z26l5704',2020,'ATV-153','EE','Motorcycle'),('3UhKiVg3Bg5x98v',2012,'SIY-421','IE','Motorcycle'),('3y0bP8U1TrSxZ09',2006,'KWK-495','SE','Car'),('3yR8F47TGuL154S',2007,'OXK-905','DK','Bus'),('3zLz5427B79T2R6',2021,'KTH-091','BG','Light truck'),('403E34aKj5jCw7B',2008,'JFG-025','DE','Car'),('429H718o85H2CZF',2003,'PMK-160','EL','Motorcycle'),('438k3z1aY2315HH',2021,'API-165','EE','Bus'),('43c4n8fjVg0RY80',2008,'QZK-825','ES','Light truck'),('44NtfI252Q35I3q',2014,'CCA-936','EL','Motorcycle'),('44po2G0214cVMK6',2021,'MGT-182','EL','Car'),('457L99wzr7828b4',2012,'MYE-499','CZ','Light truck'),('458ZdNQ40vnfdXm',2004,'USU-965','LV','Heavy Truck'),('4671W5d59o8dk28',2013,'UXN-572','DE','Motorcycle'),('46WE2O4E685z902',2013,'GAY-757','BE','Bicycle'),('478v1Zf9my2B043',2000,'IRX-952','EL','Motorcycle'),('47Ze557Bn61Vcjr',2011,'EUK-193','DK','Motorcycle'),('4899V339sN6Aa6w',2019,'IDE-112','ES','Bicycle'),('48P05XY717862lg',2009,'MTE-847','ES','Motorcycle'),('49043u20aY7f763',2021,'WMZ-447','BG','Heavy Truck'),('493j1TNK210W3k5',2011,'RTF-164','SE','Heavy Truck'),('498nls58AZ398sY',2007,'RVV-284','CY','Heavy Truck'),('49QW49cX0bE091F',2011,'LLR-392','IE','Heavy Truck'),('4a6MYYwFhNfkMqI',2019,'VCP-395','LV','Motorcycle'),('4AK6dbc461vXI41',2001,'GAZ-757','EE','Car'),('4c0347Q4Ps3l69O',2015,'NFZ-119','CY','Heavy Truck'),('4c405W69768P2RV',2019,'WAV-606','FR','Bicycle'),('4D00uq06U81f75E',2007,'VDS-550','EE','Light truck'),('4d45Q4015BY81nC',2016,'SOA-031','BG','Motorcycle'),('4d6AE1Vi0Ibe922',2008,'TWY-431','BE','Bus'),('4E7Cfj33h8zScHA',2021,'TXC-479','IT','Bicycle'),('4FxU0N4PYSv94m0',2001,'DKS-494','FR','Light truck'),('4gj525Y86K8q1q6',2011,'QJJ-086','ES','Light truck'),('4I0Yw1ZV51tW064',2015,'KJS-419','CY','Bicycle'),('4ii62TkPp7060h8',2000,'KVE-477','EE','Heavy Truck'),('4k891vMSs54h6Sp',2011,'XQM-421','BG','Bicycle'),('4m6swM6B8w1fY2c',2010,'JYB-569','DK','Bus'),('4Mu5NU98qG8ibFx',2006,'PFU-300','SE','Bus'),('4nBEH3Z3Za7QaaY',2005,'OIM-505','CY','Heavy Truck'),('4PN2ygQ1p427G82',2015,'VVK-558','SE','Car'),('4r0229841377jP9',2012,'LRH-539','SE','Heavy Truck'),('4REC3H14Om29gV1',2005,'WDN-647','BG','Bus'),('4sLq5N755c20o2U',2015,'KUK-456','EE','Car'),('4T65i35M89oF4l1',2007,'ZBE-243','CZ','Light truck'),('4UD86c5b9524Hkx',2007,'MBV-847','IE','Car'),('4uq75QirLNwPU7n',2014,'LDN-735','SE','Bus'),('4V2Q2N78b6DRMz2',2004,'JXJ-957','IE','Light truck'),('4V6vb3CT6sHekIt',2003,'BXE-837','SE','Motorcycle'),('4VMP7G582k48yiF',2006,'HIZ-518','ES','Bicycle'),('4WKoXfLs364wB52',2007,'TPW-100','SE','Bus'),('4X4254h706j7405',2009,'LRJ-591','CZ','Light truck'),('4X8T0P96u87501f',2013,'VMA-203','FR','Bus'),('4ZF204USk1Y733Q',2005,'TKV-553','BG','Car'),('50799dA5H5aS696',2017,'DWZ-440','HR','Motorcycle'),('50nD71iu13e9EHM',2021,'SFD-003','HR','Bicycle'),('51JfILk6V2H09Qe',2014,'WZI-396','ES','Bus'),('51W421Vi75WZM4U',2021,'GAT-130','BE','Heavy Truck'),('52096kd12w910GN',2000,'GXH-858','HR','Heavy Truck'),('5248jh79Pb2Q840',2004,'QCS-665','CZ','Car'),('525X7G9z5cK87A7',2000,'JKB-258','EE','Bus'),('52981l53I50eKp8',2008,'NVR-774','HR','Heavy Truck'),('52HGiBk466cq27h',2014,'VAI-285','BG','Heavy Truck'),('54en0u3347UUg4u',2008,'BID-184','BG','Bus'),('54q6E197xhkdVC4',2015,'RQW-498','HR','Bus'),('558Nr6oUz66aB20',2000,'RTC-439','CZ','Car'),('55SsDtd89T05p2p',2019,'DIP-084','CZ','Bicycle'),('5612106LSe5U8ad',2004,'VLB-716','IE','Car'),('56398ky5U61R705',2014,'MSP-678','IT','Car'),('56Lg76g5ht493Nn',2015,'YGU-294','IE','Motorcycle'),('578V20koHV2m09t',2009,'KEV-962','EL','Bicycle'),('57e839326s71w06',2009,'LAP-759','CY','Motorcycle'),('581s88c2Su7bT7d',2006,'VAU-077','SE','Light truck'),('5835xc7C0o887F4',2017,'AZR-111','LV','Car'),('58370115y71pVdv',2010,'YTQ-979','IE','Motorcycle'),('583f4Bb949Fj1NU',2006,'PVA-995','DK','Bus'),('589h9Bpq8971300',2003,'XLC-461','IE','Car'),('5903rLTt05855bN',2011,'LOL-590','FR','Bus'),('59P64366S7oj839',2019,'BAS-142','DE','Motorcycle'),('59xZ79l4164IQW4',2003,'SSL-493','LV','Heavy Truck'),('5b5R1R9T9JPbT5L',2001,'WGB-368','IT','Motorcycle'),('5crqVHfX6M6edN2',2017,'VEL-889','DK','Motorcycle'),('5DX4x10194g55E9',2015,'FLS-910','BG','Bus'),('5dZj023X5Qja2J9',2015,'LJV-754','HR','Motorcycle'),('5gZ1148415186h9',2001,'MJF-803','IT','Heavy Truck'),('5h339b229frK63m',2019,'ZQM-555','BG','Heavy Truck'),('5I0054m2TOIl89W',2015,'WFF-543','IE','Motorcycle'),('5K687608609rWxP',2009,'IWU-450','EL','Motorcycle'),('5kTQ8GV2za1m3L8',2005,'OZD-954','DK','Motorcycle'),('5L9207or1XjPy1Y',2002,'XAB-658','ES','Car'),('5lhcx917OU5bIj5',2005,'SQI-342','SE','Heavy Truck'),('5lsl6114NdL45C4',2008,'XJD-947','IE','Car'),('5LTA0591rH82L8B',2003,'SJY-770','FR','Bus'),('5M8B3dv3Bwb0uV4',2014,'SYQ-834','EL','Light truck'),('5mhK90ahn374407',2000,'ZDV-187','LV','Light truck'),('5o50Q62b4iXe81r',2008,'XTP-473','EE','Bus'),('5O9392Ag4584k32',2009,'YEL-875','CZ','Light truck'),('5PajxRY60Ztgh1V',2006,'FKW-807','SE','Heavy Truck'),('5Qt4J3783df4f34',2009,'AKJ-829','EE','Car'),('5s38WZo40T1Ri85',2015,'FJK-394','DE','Bus'),('5S53e1ve8q36561',2006,'TVF-481','SE','Light truck'),('5T1332Il411732M',2008,'RXB-892','ES','Heavy Truck'),('5u80z511oknH0yc',2003,'GDC-651','EL','Bicycle'),('5u811YIlRp366P6',2010,'MJV-924','FR','Car'),('5v705PqzOsPUhA3',2017,'VNQ-920','HR','Bus'),('5V7ZH7QM267859s',2017,'ZYN-152','EE','Heavy Truck'),('5W2714Q757540dH',2012,'WVZ-818','CY','Car'),('5x71757059x7r90',2011,'UMM-158','CY','Light truck'),('5xE69P9yP3M7V71',2014,'QTD-740','HR','Bicycle'),('5XV6Q85789Lm3tf',2019,'THW-273','LV','Light truck'),('5z9oIcVQ7Oif00h',2012,'OSX-621','CZ','Bus'),('5Z9z60BMl1gOJbI',2017,'BLC-537','CZ','Bicycle'),('5zb94q0Ac9Ug73e',2021,'WZU-113','SE','Light truck'),('5zJ983ne5484890',2000,'IWR-514','LV','Light truck'),('614JT7PceGH2Q32',2004,'RVR-015','LV','Heavy Truck'),('614Z60ar59H31Bv',2008,'HDX-632','IE','Heavy Truck'),('616j13Sytb5347m',2011,'ERH-985','IE','Heavy Truck'),('6203JsZ579760au',2002,'AVL-736','LV','Light truck'),('62t2zU56G22162a',2010,'QKN-764','IE','Motorcycle'),('62y5c7tC4Z7tnJ3',2011,'DNM-350','FR','Car'),('63423364TYhV9tq',2020,'LGY-540','LV','Light truck'),('63F19Lz09ceOCoE',2012,'FOS-134','LV','Bus'),('63R5y75hKGvr145',2019,'EZJ-688','HR','Heavy Truck'),('63rw2N4L3Hc17F4',2000,'ITZ-868','BG','Bus'),('63Ul8VoF1l9W4G9',2007,'ZLQ-432','IT','Light truck'),('646K5Ouno60bVh6',2007,'OOX-322','DK','Bicycle'),('649rAnV4a8ym7xo',2021,'WDH-338','DK','Heavy Truck'),('64J54M56D800t43',2018,'LBY-248','DE','Heavy Truck'),('6523eDN5139A82b',2012,'BEG-303','HR','Motorcycle'),('657PD2AKS5Ccl72',2011,'YKF-214','DK','Bus'),('65E2908Zf8w3I88',2008,'YZJ-181','FR','Bicycle'),('65y2lC7I9ii6s6Z',2003,'UYG-992','BE','Bicycle'),('662Q7T8Ja9J00Nl',2008,'XXS-189','EE','Light truck'),('666U765N23S0K5C',2013,'ELB-998','LV','Car'),('6673f0o81n10g12',2003,'SPJ-194','IE','Motorcycle'),('66SF46SLhxTFBlb',2016,'YWZ-293','IE','Bus'),('6784tjD57c738ux',2002,'GXD-383','LV','Bus'),('67c9XL051r66TH8',2021,'KZP-092','IT','Motorcycle'),('67vr68N7k6Nd2u9',2009,'OAZ-402','HR','Light truck'),('68d2Z05481Q9o8o',2020,'YEN-882','EE','Motorcycle'),('6AN09j1mO6qX25i',2011,'DNS-064','EL','Heavy Truck'),('6b3P58M856wGO48',2002,'BQB-741','DE','Car'),('6bE54s9tYsdF44v',2011,'AQV-673','FR','Bicycle'),('6G0mtwpMR7s7NK1',2006,'CDZ-181','CZ','Light truck'),('6g251HQ5bQ08foL',2007,'DAX-367','DK','Bus'),('6L391kn9z7824n7',2002,'GJB-842','DK','Heavy Truck'),('6MJ5717857Q1YG9',2013,'XBQ-081','SE','Car'),('6oC72U2987719c6',2010,'LBZ-180','DK','Bicycle'),('6pa01W6u0583m3B',2006,'JUJ-392','EE','Motorcycle'),('6Q66C5E9U70M094',2021,'ZFA-342','IT','Heavy Truck'),('6s9lU305a8U869M',2010,'SBZ-335','BG','Bus'),('6Tz7697KXv994m7',2009,'KMA-258','BE','Light truck'),('6UT0i120crB14f1',2014,'UQZ-687','EE','Bicycle'),('6v144440u06W5NG',2005,'LMH-337','LV','Light truck'),('6vd2562202y9A7B',2007,'JBR-005','CY','Bus'),('6VN7scZ4u50xjqM',2006,'XAX-504','BG','Heavy Truck'),('6Y20WxCf4t36T8R',2020,'EIN-906','CZ','Light truck'),('6y72S7234VJKw75',2012,'YDK-161','EE','Heavy Truck'),('6yD0OJ9dJ5A9y2Z',2003,'DZH-766','DK','Bus'),('6yz97g4529xt2QE',2017,'IBE-206','DK','Motorcycle'),('7134059m30Rp9h9',2010,'MQH-591','BG','Car'),('718056007h6D36Z',2006,'FUL-298','ES','Car'),('719I705x63U2701',2006,'ZGB-565','SE','Car'),('71at9N498703b59',2013,'NUA-420','IT','Bus'),('71u7460zX9k90S5',2016,'FBM-450','EE','Light truck'),('71w0l8Uc1x0K584',2001,'HAK-155','SE','Motorcycle'),('72031PKSC284M75',2015,'XUD-487','SE','Bicycle'),('72130lj42022l53',2005,'UVF-010','FR','Heavy Truck'),('72O7c0784U3Zh6E',2015,'LFZ-163','HR','Heavy Truck'),('72X298AAPO3613g',2008,'RDK-662','FR','Light truck'),('731gn3643x9yx6i',2005,'XHV-928','HR','Light truck'),('73lr58qDJxi4dI3',2019,'IOI-610','EE','Bicycle'),('740zi41W6Tnh75P',2013,'QND-374','CY','Motorcycle'),('7444T0853b1816e',2020,'JVS-940','DE','Bus'),('746B76aY19B5y41',2020,'FSM-346','ES','Bicycle'),('75a139yI0363n10',2002,'MXE-065','LV','Heavy Truck'),('75b45K4sO7kiw4k',2013,'ECN-166','FR','Car'),('75oHs32G6U8tt01',2009,'UTA-119','HR','Bus'),('761f4H490H4wAhW',2003,'EZY-338','EL','Car'),('76h1pp99e2N9224',2012,'WJV-346','DK','Heavy Truck'),('77uk0V7717851gf',2017,'XPK-511','IE','Light truck'),('784h77t312298I9',2010,'CJR-383','ES','Light truck'),('79R7Z31PV7F414P',2002,'DKS-219','SE','Bicycle'),('7A77jj106vy529V',2019,'LJQ-577','ES','Car'),('7aG8K43uOU7X9dK',2015,'LLE-079','BG','Light truck'),('7akq2GhrF6M0PUn',2020,'NMT-559','FR','Heavy Truck'),('7Aqdao0fAYYh231',2002,'GJY-018','BG','Heavy Truck'),('7BW2AdBL2I88908',2016,'HLU-097','BE','Bus'),('7DL76l668P7O62E',2014,'FJL-308','HR','Bicycle'),('7dn8qZo13WF5f55',2001,'CAR-838','EL','Motorcycle'),('7i8jg5369hLV9Y0',2018,'DRB-165','DE','Light truck'),('7K301bp8uA0rvBp',2017,'MZS-297','HR','Motorcycle'),('7Ls4gsx575Tu6CC',2012,'SRU-802','IT','Car'),('7MK5I4mLl5Utk7S',2018,'IMK-791','CY','Motorcycle'),('7mP402YScz6Mu03',2021,'NAI-941','CZ','Bicycle'),('7Nx27355Na0190l',2002,'MAI-698','CZ','Bus'),('7Q19j19imbX9283',2021,'PYU-896','DK','Car'),('7VqaPK058XUL8DI',2006,'RJS-338','CZ','Light truck'),('7x510E16dkB749q',2001,'RXQ-139','DK','Light truck'),('7x8p0dWH5AZ6q1O',2007,'ZZF-277','BE','Bus'),('7Y5jw561068770W',2014,'KJS-610','CZ','Light truck'),('8022r41357390mO',2010,'GPX-834','BG','Light truck'),('80578W7912YO9M2',2015,'ILN-224','DK','Bicycle'),('809H5J1v4iE6668',2004,'HBV-527','EE','Bus'),('80CCOdZb8ba8JGH',2013,'MVP-848','LV','Car'),('80X685o56509z7o',2014,'ZYC-374','LV','Car'),('823aM0c6xTN74gI',2003,'NHP-467','IT','Motorcycle'),('82d91W3808b95kM',2012,'FKB-246','ES','Car'),('82ypP05xe9X1w3A',2004,'MTL-048','EE','Motorcycle'),('831576g5U1J3614',2019,'DXG-770','ES','Heavy Truck'),('83ySm5536791Fn4',2011,'MDJ-567','IT','Motorcycle'),('8408d78994829lo',2011,'DRS-120','EL','Motorcycle'),('84N8zau9d4afL03',2010,'PZA-305','IE','Car'),('84Q0938p2C606i5',2020,'JJL-825','DK','Car'),('84s3D2Gd028cdt9',2018,'QDD-969','EL','Light truck'),('84ts57a5iK58sI2',2006,'UDP-858','CY','Car'),('853Bc5126sNY122',2014,'GLF-229','CZ','Heavy Truck'),('85XyyzG4Mh8C83t',2016,'PKB-860','HR','Car'),('86V0x8l9SsN4F3G',2015,'CYA-701','IT','Car'),('87R522CX169Asge',2020,'NSO-348','SE','Heavy Truck'),('87tCkZ5Tl1UK8J3',2010,'HKO-135','EE','Car'),('885G5k6ZswG4343',2012,'ZBK-049','BE','Light truck'),('890P3IP2m23Vxv5',2020,'PVF-945','SE','Light truck'),('891eU9q31b3s159',2018,'CNI-725','CY','Motorcycle'),('8938508vYs3SexH',2008,'AST-330','CZ','Car'),('894n9w98397679S',2011,'UQU-515','SE','Heavy Truck'),('898UR607nb8SAy4',2021,'UQJ-254','BE','Heavy Truck'),('89pau74701VQ4Bm',2008,'WTN-068','EE','Motorcycle'),('89s15TqF5601Dw3',2006,'YSV-289','BE','Bus'),('8A930xX8VP1o305',2018,'JDW-856','SE','Motorcycle'),('8B646cC67237391',2000,'BNN-935','ES','Car'),('8b80V78xV0sL691',2019,'EOP-223','EL','Bus'),('8F7kW3t49129tKn',2018,'YJC-890','EL','Light truck'),('8H0C286j597k3Ka',2000,'RTE-079','BE','Heavy Truck'),('8jPQGOq6m3SzfP3',2015,'SUD-994','CY','Heavy Truck'),('8l9K1W9W1050F87',2016,'GGR-892','ES','Bicycle'),('8ld1779Qd9GSL02',2000,'LPS-619','SE','Bus'),('8N051YPqG8c41e0',2007,'VKO-531','BE','Heavy Truck'),('8p58j92965Uw5kj',2013,'VHW-990','EE','Light truck'),('8r2se05uZ5jo2k5',2008,'QSC-124','IE','Bicycle'),('8StUt1OTeA91PKb',2017,'RQI-558','FR','Light truck'),('8Tq84R3FV568247',2005,'HIH-714','CZ','Bicycle'),('8u469eYntamSv00',2010,'PVC-413','EL','Car'),('8u79918b59m7890',2016,'DFG-250','ES','Bicycle'),('8URs260Hq5XqV0c',2011,'TGK-368','LV','Light truck'),('8WnYOftr12J1303',2006,'XGP-700','IT','Light truck'),('8X7n1477e8zn5zP',2001,'QTA-568','CY','Bus'),('8y896711Eo4Nb73',2017,'SDS-847','BE','Car'),('902A5kba5tW523y',2019,'KWR-135','ES','Motorcycle'),('90Mwo4N7335l6Ei',2007,'WWB-108','EL','Bus'),('91gamc3HRg38154',2015,'IRF-123','CZ','Car'),('91GTyK56LOx08K9',2019,'OPO-936','DK','Motorcycle'),('91OduTZ64p8wO6O',2012,'RXQ-573','LV','Light truck'),('91Q32UEG96y5j71',2021,'OSF-581','FR','Car'),('91SQh5nOz3s4I4Y',2021,'PFP-421','EL','Heavy Truck'),('926gvYL9tz0pLL6',2000,'NRQ-337','CZ','Light truck'),('9298sR3so683D08',2009,'YTN-355','LV','Motorcycle'),('92c8vT4Bq3077J4',2021,'JPY-715','HR','Motorcycle'),('92w94J8Qdx462j9',2018,'RDQ-788','HR','Motorcycle'),('92z0PKN4P63491d',2011,'ZCA-373','BE','Heavy Truck'),('943312A2XU09PZ8',2006,'PSR-447','EL','Bicycle'),('9506eC46or25AS1',2015,'OBQ-231','IE','Car'),('9552QMN4Mp6016G',2001,'KKD-073','DK','Bicycle'),('95b6fNYa1DZI74j',2016,'IAZ-506','IT','Heavy Truck'),('95PQ7Q43085s665',2011,'APA-622','EE','Motorcycle'),('961Ji1OA15390SA',2017,'GPR-989','DK','Bicycle'),('964M73V9u770m76',2018,'MVA-296','CZ','Heavy Truck'),('96q6mBJ01181kU2',2020,'GNP-397','CY','Bicycle'),('970EUh043D10g05',2012,'OXO-761','HR','Light truck'),('9763H589cPm5oLs',2010,'GUJ-385','IT','Bus'),('977laMREP37A632',2019,'XVG-733','IE','Heavy Truck'),('97H4sM3556nceZJ',2003,'HGG-119','IT','Heavy Truck'),('983Vj29C033dBmr',2007,'SHC-839','ES','Light truck'),('9864X10v99Ja6D0',2006,'MRJ-978','DE','Motorcycle'),('987J1FT1mZO42i0',2018,'KIU-957','ES','Light truck'),('992Cj9T6h08X7cm',2003,'BAD-761','SE','Heavy Truck'),('997hTEaLq7D8VAP',2012,'IVY-830','LV','Car'),('9a43e683035l4Gt',2012,'YSM-053','LV','Motorcycle'),('9CKXtJmq0yka9h4',2018,'JXX-455','DK','Car'),('9d7669w1gwj412B',2007,'BAF-631','FR','Motorcycle'),('9f1g71105K0YCiF',2005,'FNJ-259','BE','Bus'),('9F38cY95IrB768e',2012,'XSG-267','FR','Heavy Truck'),('9fQ19CG0MZh9S2K',2002,'XPZ-724','HR','Bus'),('9fY0EXmR64122L8',2010,'UHX-963','ES','Light truck'),('9GR31136Lgs2AN2',2011,'YHR-805','CY','Heavy Truck'),('9Ht533sJlT6yyKP',2005,'LZC-499','FR','Bus'),('9KE951Y8164dQ99',2004,'GDZ-227','IE','Bicycle'),('9KN7V549EmW71AO',2018,'BHV-025','CZ','Car'),('9l2a0LT1cpV4y1G',2002,'WMS-663','HR','Car'),('9m77AnC9P7921zR',2003,'KVI-704','IT','Bus'),('9mN3alZ7M0P5O07',2003,'LTU-407','CZ','Heavy Truck'),('9mW44WpYhOa4W75',2009,'YYW-975','EE','Car'),('9pN1591gK589tgJ',2019,'SEO-871','LV','Light truck'),('9PTH9kvEP15pt05',2018,'ADI-342','IT','Motorcycle'),('9qr3602V27c673t',2015,'HIL-001','FR','Motorcycle'),('9RZ24Q7q47CL018',2004,'XDI-960','HR','Heavy Truck'),('9T5Y4412EWYNel6',2001,'RDF-559','SE','Bicycle'),('9u2546506X98TZ8',2009,'FRP-397','FR','Heavy Truck'),('9UQ6j60ka6k55K5',2014,'STJ-253','DK','Bus'),('9VW62B2y7NTSeE2',2018,'OAF-951','HR','Light truck'),('9w8n5qmeg9ee2A3',2000,'HVI-425','BG','Light truck'),('9XJNdfE50wI721k',2008,'MGF-013','BG','Bus'),('9Y57IK69N76Y9g5',2007,'XFH-591','EE','Car'),('9zb6AFn4YS4Vz4T',2015,'GBZ-161','DK','Bicycle'),('a0576We6H9y5U00',2007,'MAK-769','FR','Light truck'),('A0kGF7Dd63mE1m3',2013,'WGU-315','ES','Bicycle'),('a0onx9x7y331t8i',2008,'IIZ-862','HR','Motorcycle'),('a2nE2j1HQM364X7',2008,'RUJ-506','CZ','Motorcycle'),('A38N46btKy6SEEg',2010,'MGB-043','FR','Motorcycle'),('a4Gr2ycES7M9L3d',2018,'HCN-502','EE','Bus'),('A7lH7N62N3pg0k7',2004,'UAA-855','DK','Bus'),('A7s7J8x1ZstfP48',2002,'AQN-005','ES','Motorcycle'),('A7Wt335xS00iXP9',2003,'CMQ-295','SE','Heavy Truck'),('aBt27sk370Jw81R',2003,'HMG-350','DK','Bicycle'),('aeI8I9192epVydl',2016,'ZGT-008','LV','Bicycle'),('Ag9DmIPdF812195',2008,'OXY-349','DK','Bicycle'),('aoEf3Z1u9K8362z',2006,'EKV-475','FR','Car'),('AQeq522Pry76180',2001,'BWP-115','FR','Car'),('ArpebTe596qlX97',2007,'XEY-090','EL','Car'),('AT19HLV57173',2004,NULL,NULL,NULL),('AY38OQF67603',2020,NULL,NULL,NULL),('AzB60411Zu50B2I',2019,'OVY-907','DE','Car'),('b04u2B4618Ci82t',2001,'AFK-466','DE','Bus'),('B0t0M409W5G1856',2019,'PPK-481','SE','Bicycle'),('B2Q79m4x80k654m',2002,'NNR-228','CZ','Bicycle'),('b314540UD8859YO',2012,'GJP-889','BE','Car'),('B340UC6nWm3yivA',2016,'QOM-231','EE','Bicycle'),('b7twHg76Pg2M312',2013,'AOO-613','SE','Motorcycle'),('B85546bmk458NCl',2008,'MEW-775','BG','Car'),('BAcbgX7qx31X1iE',2004,'TTZ-191','BE','Bicycle'),('bArob3p83mJ7n2H',2014,'KYE-389','CY','Motorcycle'),('bdWwJD20309kE3O',2008,'NIC-304','EE','Motorcycle'),('BI87HYL81972',2020,NULL,NULL,NULL),('BK77KNV91142',2007,NULL,NULL,NULL),('BM25PHF40639',2018,NULL,NULL,NULL),('BNIDt9505bMT0g2',2012,'VWL-444','EE','Bus'),('bOv42722MqOts57',2009,'CFG-942','DK','Heavy Truck'),('BQ304I4NQ6FCI25',2006,'BEY-654','CY','Heavy Truck'),('BtI1aZ760570596',2010,'EZZ-274','CY','Bus'),('bY18Q32H0e7L003',2010,'FFQ-859','CZ','Bus'),('BY85QGR11636',2018,NULL,NULL,NULL),('ByC515G8Zi6P387',2014,'QNY-013','HR','Heavy Truck'),('BZ76ROL87339',2017,NULL,NULL,NULL),('bZf65rM903KmQ71',2014,'IPH-952','HR','Heavy Truck'),('C0F9B0H9B1Voi6w',2010,'SKH-044','CZ','Heavy Truck'),('C1641S96QkNI8eH',2014,'RYE-972','BG','Car'),('c26h192v8160x3Q',2000,'LJW-684','SE','Car'),('C46k7LAD3b12s3s',2001,'KZF-953','EE','Car'),('C48a72t1139gROg',2016,'MQX-528','EL','Bicycle'),('c49y9301udo1xRW',2007,'FXE-915','SE','Motorcycle'),('c796cVt86C4fAw8',2015,'RGA-989','IT','Bicycle'),('c81540D495xnn04',2018,'HJZ-035','EE','Motorcycle'),('c8LL14B2f906A86',2000,'EZW-381','SE','Car'),('cd6wS8A3iiZMn4z',2002,'DBX-408','CY','Motorcycle'),('cFL2B8b790781ZG',2012,'FUQ-229','IE','Light truck'),('cG2O5Bf0szUO46r',2010,'XFG-641','EE','Bicycle'),('cg8T4R7U36JG6x6',2012,'IFO-416','EE','Bicycle'),('cI134941I54qO4c',2006,'IQP-951','LV','Car'),('CK97FAU13897',2007,NULL,NULL,NULL),('CM15YCB60994',2005,NULL,NULL,NULL),('cOA48Sp167o8GoA',2018,'RJY-834','DK','Heavy Truck'),('CP56DAO45598',2017,NULL,NULL,NULL),('cq6ywNd1781Jr56',2002,'TNM-999','FR','Car'),('CR31GMR97972',2000,NULL,NULL,NULL),('CtHvQ44gJ4r43P5',2003,'GQL-718','IE','Motorcycle'),('cw53O83696q67G0',2019,'NSK-044','EE','Bus'),('D19n3nT6s01dPAq',2012,'TJN-571','IT','Car'),('d30VB78O0SYsKQ5',2011,'EUP-724','FR','Car'),('d331C2N862I37Nv',2001,'YOR-781','IT','Car'),('d343lT86CtXqxiB',2009,'NNX-591','IE','Heavy Truck'),('D361yR5H8hfL6Ja',2018,'ESD-595','EL','Light truck'),('d43xG3WU48E2423',2000,'JOB-928','EE','Motorcycle'),('D46044I09pl43R1',2010,'OVP-995','CY','Bus'),('D54R3buTs9R66pq',2002,'DVX-575','EL','Light truck'),('D63661z1q8LXHN1',2008,'FTB-429','ES','Heavy Truck'),('d67o67xdjp82N63',2016,'JMJ-325','DE','Bicycle'),('D7270KIUW42dM75',2010,'GRX-988','LV','Bicycle'),('D7uIU1205rS8G9e',2008,'FTV-293','SE','Light truck'),('D7YdP27EMi47a35',2020,'MCP-224','HR','Heavy Truck'),('D92jb6574G77vIu',2008,'NWM-796','CY','Light truck'),('D9Mu850or9QiK8H',2017,'AEZ-274','LV','Motorcycle'),('D9OwV0iv16asAMj',2001,'WHB-551','DE','Bicycle'),('dE833F8U54194g0',2010,'NOB-416','LV','Car'),('DGV2503S253kgN7',2006,'LYV-497','CZ','Bicycle'),('dj0aC507R5y4qPR',2011,'NMM-126','DK','Car'),('dm4h7Wd2ePy23p6',2004,'VOD-394','BG','Bicycle'),('DMWJ6O38o03zU1P',2005,'CXT-083','BG','Bus'),('DO24BCW15511',2009,NULL,NULL,NULL),('DP11ENT03275',2008,NULL,NULL,NULL),('DU7b4VD3850VSR5',2016,'MQI-505','LV','Bus'),('DV04FQL29609',2010,NULL,NULL,NULL),('dV28oZomU987210',2007,'EEP-578','IE','Heavy Truck'),('DW44ZOO26361',2009,NULL,NULL,NULL),('Dz7844x1SaS4gc7',2005,'RKS-033','BE','Bicycle'),('E18i8M285pM8dEV',2003,'TYN-940','BE','Bus'),('e1WKwTf4483757q',2016,'ZZN-007','FR','Bicycle'),('E260a97DKNrQ163',2012,'FHU-517','ES','Bus'),('e2Y196iN8GdXC3L',2003,'YCF-470','HR','Car'),('E4bxz6Dx5eXr54X',2003,'IUT-407','LV','Bicycle'),('e53dZK9Z1cUM568',2001,'XIM-094','IE','Light truck'),('e6f4n0YJA11r8ji',2007,'HTU-391','BE','Heavy Truck'),('E71lK9S0Ey9Ws99',2006,'IVV-819','BG','Motorcycle'),('E7Rk521O62SQ689',2020,'TYQ-990','HR','Heavy Truck'),('e7v859v4e28kG23',2015,'KNH-246','DE','Motorcycle'),('e919848J8JK0L69',2020,'PWG-615','IT','Bus'),('EC02LZC49528',2001,NULL,NULL,NULL),('ED51EWW52190',2017,NULL,NULL,NULL),('EE22TMX10817',2001,NULL,NULL,NULL),('EF2394ep79BG68l',2004,'LQC-168','ES','Light truck'),('EG95RTB75032',2013,NULL,NULL,NULL),('eH850T7n8Dw4N59',2011,'TZP-128','IT','Car'),('EKM90O186194P8u',2018,'NSD-842','BG','Bus'),('EM54HQI58682',2008,NULL,NULL,NULL),('EN26OAB52983',2002,NULL,NULL,NULL),('ep922887raQoGq5',2011,'CBK-452','DE','Bicycle'),('Er8gBNb5v5dtV54',2009,'TDF-537','DK','Car'),('eTZ3c37Q8wkiV1R',2011,'YPE-350','ES','Light truck'),('EV77EDV52985',2001,NULL,NULL,NULL),('EZ65FLV39493',2012,NULL,NULL,NULL),('f40mG99M431z4OY',2001,'DRA-280','FR','Bus'),('F4flk5Z0k6O8j6n',2012,'FQE-034','EE','Heavy Truck'),('f53dP23e3c16M66',2007,'NSA-806','IT','Bicycle'),('F5929365IqJEkij',2019,'SCB-770','SE','Bus'),('f66PT4J8e09W85J',2014,'PGB-542','CZ','Light truck'),('f89fr47Y86UQnQG',2015,'AEV-695','DK','Light truck'),('f8mbd3y3665629a',2005,'LPF-575','BG','Bus'),('FD65q3Ls4ozQ22Y',2002,'RIY-180','CZ','Car'),('FhqF81901ZL13f8',2009,'NMR-503','EL','Car'),('FIi7Sw0rQ9z3775',2014,'NRN-486','SE','Light truck'),('FJ0bphO98yUO171',2003,'NNR-175','IT','Motorcycle'),('FJsE57g4o24pL58',2004,'YDJ-541','IE','Light truck'),('Fku7Q5hTuj2gO3y',2017,'UTH-464','EL','Car'),('FL13UMN92207',2006,NULL,NULL,NULL),('FNeCw10tx680Nl1',2002,'SOA-666','BG','Bus'),('FY47TUN40300',2002,NULL,NULL,NULL),('fzXD378K735209n',2010,'LUN-436','HR','Motorcycle'),('G2S14O4p5yjjIf9',2020,'VXV-494','IE','Light truck'),('G591787k118ZF7d',2019,'DRD-602','IE','Motorcycle'),('G8GogDhVy5uog3G',2009,'UOJ-970','IT','Motorcycle'),('G93CeUkR8fVr03J',2007,'ZVS-565','DK','Car'),('g9zzd0fTiU93PxC',2007,'DIO-821','IE','Bicycle'),('gBz0g7gy2n1kWV8',2009,'YAW-118','IT','Light truck'),('Gd2V1Ut8K71MY06',2008,'BCA-160','FR','Bicycle'),('gdGa30ra0D0c89Q',2006,'NNX-929','DK','Heavy Truck'),('Gf302lu99W8Cp2x',2018,'TNM-450','IE','Car'),('Gf3i70Km3fwZ1hM',2001,'DDQ-441','DK','Motorcycle'),('GnKk95r24woC3l1',2002,'PLM-861','FR','Motorcycle'),('gs691Q70i0VvaCp',2005,'LBI-013','FR','Heavy Truck'),('gtE188LOr4J9PHw',2012,'XVV-273','EE','Bus'),('gtpJA49b57D84u5',2000,'KKR-633','BE','Heavy Truck'),('GVp0F07iJki1Vyh',2004,'ZZL-793','ES','Car'),('gVT1037sIbd89xg',2007,'JJJ-990','EE','Light truck'),('gWO621752364X6E',2005,'VCH-454','CZ','Bicycle'),('Gx4C5Ktt348du83',2015,'BUY-008','ES','Light truck'),('gYXmS9qSR79As61',2007,'UNE-403','HR','Motorcycle'),('h23d71F2cHytfx8',2011,'YTE-380','HR','Bicycle'),('h29B04290n14oQT',2005,'JYE-574','BE','Light truck'),('h2Ko1n5mj26b27a',2015,'EHH-328','CZ','Motorcycle'),('H37maVv05E584mo',2008,'NFT-115','IT','Bicycle'),('H3q5mG6Yi3N22d8',2021,'LXS-425','LV','Bicycle'),('h441UqA903m572h',2013,'TBH-968','IT','Heavy Truck'),('H47noMG7Z4KN2sN',2016,'PSL-068','BE','Motorcycle'),('H6i9c72krNutL14',2017,'FEX-075','CY','Light truck'),('h83uplE7503nZ0P',2016,'GVH-862','LV','Bus'),('H96rdZ9K0On94RJ',2018,'IMS-538','CY','Car'),('HA82SCK64299',2001,NULL,NULL,NULL),('HE38BQH01623',2016,NULL,NULL,NULL),('hG0ph4190t8745A',2000,'SPB-003','EL','Heavy Truck'),('HGNiM9Tos7BU9GO',2020,'SNZ-959','CZ','Bicycle'),('HKs84255l3irxjT',2016,'WBD-208','BG','Heavy Truck'),('Hp2sX425g5EzW5O',2001,'NEG-750','CY','Light truck'),('Hp8676wp7T2a2w0',2004,'NAG-316','IT','Bicycle'),('HR53SRO94328',2004,NULL,NULL,NULL),('HReS0R613Bsqf25',2007,'VUN-232','SE','Bus'),('HT62RDI04611',2000,NULL,NULL,NULL),('HW75BKT77773',2016,NULL,NULL,NULL),('HWV0p3uZy0gW2w2',2008,'SFE-298','CY','Bus'),('hx46IL47O13Kzxj',2004,'RXD-061','BG','Heavy Truck'),('i2165096kT62j53',2002,'MAS-036','SE','Heavy Truck'),('i248470320278Iy',2009,'PCR-107','DE','Car'),('I30uf909Z36N6mO',2011,'BMZ-604','CY','Bus'),('i3tT26I2cKP2zVH',2014,'CUX-642','HR','Light truck'),('i3u2Q0d2e77b9xa',2018,'HYU-507','IT','Bus'),('I5Bha73S5B1lvN1',2003,'KSN-840','ES','Bus'),('i629g32SA48T778',2021,'FWL-542','SE','Motorcycle'),('i7wW7p2eHd9tCc8',2009,'QYS-763','SE','Bicycle'),('IA29IQS63679',2010,NULL,NULL,NULL),('iAx1CrHL2Nd1LjB',2004,'XPW-177','HR','Heavy Truck'),('iB0N920j6R2arne',2018,'EMB-293','HR','Car'),('Ib8ik6T299uVtqq',2017,'SEZ-233','IE','Car'),('IC95TLY24827',2020,NULL,NULL,NULL),('IGe7ys3SJD7d6xT',2001,'DTP-653','BE','Heavy Truck'),('iK020Ibi272u1Q7',2005,'PXG-769','SE','Heavy Truck'),('Ikr5A5y74Pc0h29',2013,'SGR-791','DK','Light truck'),('in0094926MoQx51',2021,'QQM-554','IT','Heavy Truck'),('IN99SEN20660',2014,NULL,NULL,NULL),('IO09FGE68100',2015,NULL,NULL,NULL),('iTr386A56Z0R3e0',2019,'PXV-988','DK','Bicycle'),('IW53OQE31439',2014,NULL,NULL,NULL),('IX01MVL33676',2001,NULL,NULL,NULL),('IY7AL40e7QP84y0',2008,'VSG-871','EL','Motorcycle'),('IZ65WAT29135',2002,NULL,NULL,NULL),('Iz89R8CASFb952p',2016,'IHG-486','EE','Car'),('J404J9vqZ0ep6vu',2002,'VVZ-533','DE','Bus'),('J40Og4C70db7292',2012,'ZTY-561','DE','Car'),('j55hY8YYWaoN825',2001,'RLT-343','EE','Bus'),('J6KQA1u035282V5',2005,'BAC-829','BE','Bus'),('J76a7FCt5saT9k1',2004,'ESN-094','EE','Car'),('jbIDce0yZJ6X3Hc',2003,'AGZ-804','IT','Bus'),('JD78PQD35395',2002,NULL,NULL,NULL),('jE2Gx36C41r2aZ5',2007,'HSL-486','BE','Bicycle'),('JE65QJK64802',2002,NULL,NULL,NULL),('jeqkCtS11871155',2006,'YKA-859','FR','Car'),('jf2LNu560MDI5Db',2021,'FQM-983','IE','Motorcycle'),('JF94VYA88954',2000,NULL,NULL,NULL),('JFQ80522PQ1M26s',2009,'VAQ-752','CY','Bicycle'),('JG8wx37oO941KMW',2020,'IUH-879','BG','Bus'),('JJ1Rkt4nL2Qv649',2003,'ZNP-757','SE','Heavy Truck'),('JO50FSF60755',2011,NULL,NULL,NULL),('JO88sZS1J879g64',2008,'BWR-147','SE','Car'),('JQ5B001E25AJQu4',2003,'DSE-088','ES','Light truck'),('JQ8f869LwnU9725',2019,'DDO-398','IE','Bicycle'),('JSjo082gTeZV76t',2004,'MGK-739','IE','Bicycle'),('JV67MTI17124',2000,NULL,NULL,NULL),('jVoN073049Sa3S4',2019,'IAS-369','DE','Car'),('JXU8VDHWF6v4shW',2011,'GKK-743','FR','Heavy Truck'),('jyf8Rt2m73guQ95',2006,'NXC-236','IE','Heavy Truck'),('K0Hy53v0t752E10',2010,'WKG-062','BG','Car'),('k10Yg3hH4m7u7JO',2019,'RRZ-220','EL','Bicycle'),('k216N467enfch46',2002,'TQV-484','DK','Bus'),('k21haXZW06Fqz20',2006,'EVR-616','DE','Light truck'),('k3UStPa088iR982',2011,'NQV-750','EL','Bus'),('K5f64fEk9a6PzXE',2014,'WNU-371','CY','Heavy Truck'),('k61835eT56r2h41',2010,'QDS-155','BE','Heavy Truck'),('k84yA2FAF059399',2005,'PZD-129','IE','Car'),('K8h12n34w11a3WA',2009,'FXO-351','DK','Bus'),('K9975Y9Fj9977m7',2016,'ZVL-209','EE','Light truck'),('KB55KTM48860',2009,NULL,NULL,NULL),('kd0MG997Ir13P04',2017,'FDZ-181','LV','Bus'),('Kd207yqw85t8955',2021,'PTY-938','IT','Light truck'),('KF48RSD79865',2012,NULL,NULL,NULL),('kfRl289k82MFDnq',2019,'PAP-774','BE','Heavy Truck'),('Kg9k1MN00mY555j',2009,'MGM-002','IT','Heavy Truck'),('kh75613596B48l2',2001,'TOO-159','DE','Heavy Truck'),('KIVHm5KZ4c1x3B1',2020,'LSQ-699','LV','Bicycle'),('KIWKe09mICM82O1',2000,'SXL-435','SE','Light truck'),('kQ202517s44W194',2011,'CSG-536','IT','Car'),('kuyj7el92b5l608',2007,'SXC-027','DK','Heavy Truck'),('kvhJ1433CZ1ESQY',2009,'YLS-093','CY','Heavy Truck'),('KW50MJG67260',2016,NULL,NULL,NULL),('l0E9B1fsC161R4S',2015,'KBI-097','CZ','Light truck'),('L0MYpu8840P5cl7',2011,'LYD-611','SE','Light truck'),('L1O8Ex0cVaQJbKG',2021,'LVQ-629','ES','Bicycle'),('L285273f76u54qx',2008,'DPO-949','HR','Light truck'),('L40D77bebCH3UV2',2010,'VGU-142','CY','Heavy Truck'),('L454r997557YC64',2006,'FUC-070','EL','Heavy Truck'),('L4dan054AI85B1N',2005,'LKZ-764','DE','Car'),('L5s7Gi5pB0v14WN',2001,'OXU-190','BG','Light truck'),('L65218be49V7134',2001,'SVN-255','BE','Bicycle'),('l6854204k251292',2014,'FSM-685','IE','Motorcycle'),('L7vE0c439mm69UT',2021,'IDD-451','DE','Bus'),('L80et6ZD8jU0PS8',2000,'DAF-419','EL','Car'),('lA70C1w64s3GBuJ',2004,'NOM-885','CZ','Motorcycle'),('La8D9350R89BYCu',2014,'VYV-129','DE','Light truck'),('lC2y54bck5889nv',2012,'GMH-173','ES','Bicycle'),('Lc72MUPSq5Y022g',2001,'GIH-353','EE','Car'),('LC72NRN52084',2001,NULL,NULL,NULL),('lf69Bxz98u1I8F4',2016,'FKW-153','FR','Bicycle'),('Lfyr5c5aEc2oWl9',2012,'OOI-612','EL','Heavy Truck'),('LG64ARC91224',2019,NULL,NULL,NULL),('lh2377j42594sC9',2001,'FPA-838','DK','Bicycle'),('LH392x38o873j8C',2003,'AXT-961','CZ','Car'),('LHC47SQcJ514t6P',2013,'SJZ-963','LV','Light truck'),('LHU0J12Lq35V4R9',2009,'WQC-054','IE','Bicycle'),('lKL523MX7GIXF4R',2015,'COR-977','LV','Bicycle'),('lKQt7Fh0oR59r9E',2015,'SIZ-786','DE','Car'),('LkUhvcR69E2B950',2021,'HUM-422','CZ','Light truck'),('LM86GYO69819',2010,NULL,NULL,NULL),('lmmZ5RSw5rOTp0N',2002,'EFU-470','DE','Light truck'),('lq0H8Jqd132v60V',2010,'SDW-855','EE','Motorcycle'),('lQj1xg5iP3a4UPP',2009,'EFE-632','IT','Heavy Truck'),('lt43G0fd3zIhdm1',2019,'VGN-709','DE','Motorcycle'),('lU9092T37342295',2018,'NTT-551','EE','Heavy Truck'),('lv0oY7Bj3u6606L',2012,'QHZ-565','LV','Motorcycle'),('Lv1y21gpIU6k2k4',2017,'UUM-219','SE','Bicycle'),('ly200bL21LiQ642',2016,'ZOR-524','EE','Motorcycle'),('LYaV67bKBu9zdVx',2019,'CEE-347','CY','Heavy Truck'),('m08s4g0u2DK5S40',2009,'OYC-397','DK','Bus'),('m08y0Nh04HkJn8b',2015,'QTT-178','EE','Car'),('M0UdeD8p1oc1302',2017,'KNC-313','CY','Heavy Truck'),('m1FbmyUO79rUo6W',2003,'WLP-353','IT','Bus'),('M1I61tD0TMAodGB',2010,'RKB-294','CY','Car'),('m1PQVU7td033469',2000,'BWD-589','BE','Bicycle'),('M1tC63u3fb4B9Ux',2019,'NWT-880','IE','Bicycle'),('m2i305zLZ4m6bHD',2007,'CXV-438','CY','Motorcycle'),('M3R9CFI51503YT4',2003,'WUU-223','DK','Heavy Truck'),('m48720v08b50285',2010,'ERQ-179','IE','Motorcycle'),('m6YU3GUj61upu11',2009,'XJX-086','HR','Heavy Truck'),('m8352ppn6vuN76D',2020,'KCT-431','ES','Heavy Truck'),('m970cu193X1t66i',2018,'IQP-929','LV','Motorcycle'),('m9f65d0DbPd7065',2002,'GEG-290','FR','Light truck'),('M9MQA02XqW56Br3',2002,'CAX-240','FR','Motorcycle'),('MA30QLI76818',2019,NULL,NULL,NULL),('mKN64426nN9s224',2006,'RHO-465','SE','Light truck'),('mn7ovcaI8oviX67',2007,'TTB-399','DE','Bicycle'),('MOHsGm58cO21495',2013,'IBJ-747','BE','Light truck'),('MP14WFM40909',2008,NULL,NULL,NULL),('MQ65WJJ60020',2009,NULL,NULL,NULL),('MU06LHX94338',2016,NULL,NULL,NULL),('mU70G64j59HYa0r',2013,'VCV-669','HR','Heavy Truck'),('MX39VOS38645',2018,NULL,NULL,NULL),('MxLdYZ69qxl1u7A',2001,'YAI-328','IE','Bicycle'),('n2fN8O5uk8Oct1g',2001,'QMG-141','CY','Bus'),('n2jM066kBu13UQ9',2001,'TAJ-192','BE','Car'),('n2ro7V7pWB7RAQQ',2018,'ZCS-975','DK','Light truck'),('n329r8u6g3u5gE4',2012,'GNX-725','DE','Car'),('N455M24g534QUa3',2000,'ALM-741','BG','Bus'),('N52Y333N9Uuo84R',2006,'GLP-144','CZ','Bicycle'),('N5sR2Oe30EYUQ09',2003,'CHH-462','IT','Motorcycle'),('N6N3Z1eH7874IFB',2006,'ZVO-052','EE','Light truck'),('N7u2S8GVp06su52',2013,'HXQ-538','EL','Bus'),('N7XS9b36EW6M532',2021,'MBW-334','BE','Bus'),('n89lwdv6040w073',2003,'UEX-256','CY','Light truck'),('n8KYj2wc7V65m0D',2010,'RIO-395','ES','Bicycle'),('n9SJ59siw1RmH8U',2008,'NAM-295','IT','Light truck'),('N9vK1386Y4fLnln',2015,'BET-478','ES','Light truck'),('NcFC3052Ht30CvX',2004,'GBY-694','DK','Bicycle'),('Nd6jYtB0914B9m6',2011,'ULJ-257','IE','Light truck'),('NGl0WgT6nc4zp0S',2012,'XUR-905','IE','Heavy Truck'),('nHv0n5597E0m4XL',2003,'RMD-462','BG','Bicycle'),('nI7s7490S05zv1z',2019,'GYJ-053','EE','Light truck'),('nj3tQ7sp27E1Y44',2003,'ZDV-206','EE','Bicycle'),('NK92G2u7w59qu3x',2004,'DNI-101','ES','Motorcycle'),('nli038pvUV351QS',2004,'KKS-570','CZ','Light truck'),('NO82BAX82566',2000,NULL,NULL,NULL),('nOF18944NTt26HL',2010,'FXT-269','BG','Car'),('NPUk87lH1cA653e',2012,'RZH-622','DE','Motorcycle'),('nu5aI28wa82HN12',2009,'VVB-662','ES','Bicycle'),('nXm9FS42r35517r',2004,'UJU-879','BG','Bicycle'),('NY14GZR94632',2011,NULL,NULL,NULL),('NZ35XLQ89678',2015,NULL,NULL,NULL),('O2K0j021Ey8n489',2001,'XAH-651','IT','Bicycle'),('O36x58N12Hy757r',2002,'KMN-424','FR','Car'),('O37aA27RYe3u905',2002,'ACM-428','DE','Bus'),('O3lx74QD27D1646',2007,'ZBM-506','CY','Bus'),('O47a86oI40pCy2F',2017,'WNM-534','SE','Light truck'),('o5zv55MOxmjt3b7',2014,'RRH-164','HR','Car'),('o75h54QU2718743',2009,'GMQ-038','CY','Bicycle'),('o7mJ7JxFA21U973',2004,'FGY-693','DK','Heavy Truck'),('obGcelWo76uF2o5',2011,'LGJ-413','BE','Heavy Truck'),('OC94ASJ72024',2002,NULL,NULL,NULL),('OgY14miOe7eXP25',2017,'QWA-501','HR','Motorcycle'),('OI1W8e214q5bV9G',2000,'ZLF-143','IE','Motorcycle'),('oJwD90D143Ls5P6',2010,'BQR-071','ES','Car'),('OMcU7oj14Lf8v50',2004,'GIH-980','HR','Motorcycle'),('OY94SZK34436',2007,NULL,NULL,NULL),('p15r8v192ey4X57',2002,'RNU-638','CY','Bicycle'),('p25blmqP5RA5ymV',2005,'FGF-890','CZ','Bicycle'),('P2792tQnyo2D4X0',2014,'HPI-988','EE','Bus'),('p53jCUF48fJVNff',2001,'TBQ-852','LV','Bicycle'),('P7759ch9BMP0slf',2013,'XUX-133','LV','Heavy Truck'),('p7t0180f816d4Sk',2001,'AIL-355','IE','Light truck'),('p8O1L7324zjlM3a',2018,'GLO-146','EE','Car'),('p95T778B8V7d8k8',2017,'ZGK-865','CZ','Car'),('PCpIEO02W756444',2011,'SDW-343','IE','Bus'),('PD45WOT56494',2010,NULL,NULL,NULL),('PE73VJU23485',2010,NULL,NULL,NULL),('PF04UCA93312',2007,NULL,NULL,NULL),('Pk515JfOygdM4E8',2001,'RVS-210','SE','Light truck'),('PkH12k3JjBlEM5Y',2002,'QVY-995','CZ','Car'),('PM58XHX45588',2006,NULL,NULL,NULL),('Pmmq16SWsrB6pzN',2005,'XDQ-530','CY','Car'),('pq85HlBdG8NF4GL',2012,'ZCJ-600','ES','Bus'),('pX4jqg035296574',2018,'WCP-008','CZ','Heavy Truck'),('pxS1125W63V16U7',2017,'SRR-817','BE','Motorcycle'),('q13K4i11Z59l9lH',2000,'NHP-611','BG','Heavy Truck'),('q16l2s86iJ457rt',2020,'SCJ-731','BG','Bus'),('Q18Q925F4Wh0458',2018,'FVG-992','EL','Car'),('q22wO1Kn161x02W',2004,'YAK-908','BE','Motorcycle'),('q24v066gwxQi65r',2008,'NHA-457','SE','Car'),('q273c8c834doRip',2020,'WVS-118','FR','Motorcycle'),('q2uL4mxf8w68sJ2',2000,'ZNB-398','BG','Heavy Truck'),('Q3H2h97co8t30A2',2021,'MQJ-628','EL','Light truck'),('Q6c10yPirN4XGP4',2011,'FWM-543','ES','Motorcycle'),('q7r557wq15NV5FE',2003,'TRJ-805','DE','Light truck'),('Q94436c8f4thzq8',2021,'DMF-657','DE','Heavy Truck'),('QEWd22689w7p78t',2012,'VSF-508','SE','Light truck'),('QH15HWX24570',2009,NULL,NULL,NULL),('qmp05Q8G20RB204',2001,'JQT-626','FR','Light truck'),('QN12NTR81378',2003,NULL,NULL,NULL),('QN23UHH39091',2014,NULL,NULL,NULL),('qO3325l59rm74x2',2012,'DKM-953','EL','Motorcycle'),('QO68DIC93032',2016,NULL,NULL,NULL),('qo74XwB6hWV8XS5',2012,'DMK-414','BE','Light truck'),('QO77TFN61853',2004,NULL,NULL,NULL),('QP02SYE47964',2010,NULL,NULL,NULL),('qqH8530UuRk85tg',2003,'RDP-270','BG','Heavy Truck'),('QR03XCJ37459',2014,NULL,NULL,NULL),('qu76g95ROBb37U7',2012,'RFI-319','EL','Heavy Truck'),('QU94IGC75528',2003,NULL,NULL,NULL),('QW79CHL42244',2006,NULL,NULL,NULL),('QX75YWC61835',2019,NULL,NULL,NULL),('R02z60a3RD8Adp4',2021,'TGP-312','IE','Car'),('r036AT13j00119C',2006,'WVF-067','LV','Car'),('r2e8Jc0067D9n4E',2020,'ERG-858','FR','Motorcycle'),('r2O0bg9t692z801',2008,'WWZ-247','EE','Car'),('R3h3EqS2eM3d1XM',2012,'OEA-182','EE','Light truck'),('R4GLMb00Z07iH3T',2015,'OGK-204','DE','Car'),('R54b225X71WONE1',2012,'SHJ-190','FR','Light truck'),('r59Wwg684188CsN',2014,'LWQ-735','IT','Bicycle'),('R6rjon1P91d157B',2000,'WVI-126','HR','Bus'),('R82N6XP3UEJ24kS',2004,'MXL-428','CY','Bicycle'),('R85BcfsKD1LP0K1',2007,'PXE-100','BG','Bus'),('R899T127r0kH6Ec',2017,'SJS-928','HR','Motorcycle'),('r9Q5053hZQnr792',2019,'YTZ-411','BE','Heavy Truck'),('rb203Qb07V7pk2K',2001,'CLS-649','SE','Bus'),('rbj85UIdI23D595',2015,'OGN-782','HR','Heavy Truck'),('RF0526P8gFxD41g',2019,'JUF-143','IE','Motorcycle'),('rf8W87U84t0o70O',2005,'KBY-213','EE','Heavy Truck'),('RK48BOP88344',2016,NULL,NULL,NULL),('rqHKI4c8D75c08W',2021,'TOM-437','IE','Car'),('RR73DWB65452',2017,NULL,NULL,NULL),('RR98KQE80731',2020,NULL,NULL,NULL),('Rt0UeS22s643uw9',2020,'VAC-676','SE','Bicycle'),('rv43O592NudO76K',2001,'MIM-229','HR','Car'),('RV87TIY76692',2001,NULL,NULL,NULL),('rW1705j684dF9X3',2020,'VDZ-811','IT','Motorcycle'),('rYe08et918J2696',2013,'ZTN-734','DK','Heavy Truck'),('S00f427rW53WOCZ',2004,'STM-839','SE','Heavy Truck'),('S013T9r4FSz77uB',2013,'HJA-475','BE','Car'),('s027O031iW87n2g',2017,'VJF-507','CZ','Heavy Truck'),('s150gwd85S7HFTa',2000,'JLC-844','EE','Heavy Truck'),('S1DwIMAO054Lu1q',2009,'XFB-834','SE','Car'),('S3PRu286trUqZ5j',2018,'QWF-870','DE','Bus'),('S3Q6YSYqF5739Il',2006,'UMG-103','EL','Bicycle'),('s4656qMi3700HL9',2018,'QMZ-366','LV','Bicycle'),('s4j2CaaJ3053924',2019,'HTN-228','SE','Bus'),('s56165869Z457Nh',2008,'VQI-594','CY','Bicycle'),('s7eL3Vnf0250Kw3',2000,'RYQ-057','CZ','Car'),('SA7657TZZUG4XHw',2009,'HBR-421','DE','Motorcycle'),('sdy52w49bX3nZ5h',2008,'EUD-699','SE','Bus'),('seTq45K71pGd5iz',2007,'MOT-041','IT','Motorcycle'),('Sg7iX093DY62PsF',2013,'BTM-081','ES','Bicycle'),('sgLe3059dk6854S',2014,'JCI-684','DE','Motorcycle'),('SgX856JM1qm65D3',2020,'NFX-513','SE','Car'),('ShBn3zV1y5HE7yJ',2000,'IKQ-500','BG','Car'),('SL09NOT64494',2005,NULL,NULL,NULL),('SLLy31T99y0t2oK',2010,'QJE-556','EL','Motorcycle'),('Ss46L699gJ7z4iG',2021,'CBF-296','IT','Bicycle'),('StqS723956Lp9B3',2016,'VJD-066','FR','Motorcycle'),('SU00RDZ36214',2014,NULL,NULL,NULL),('Su978O4S04Fo1iO',2012,'WXO-229','BG','Bus'),('SVlJ1x9wP445A03',2016,'RXP-077','IT','Car'),('Swmz8E3ftK205fC',2002,'DRZ-019','SE','Bicycle'),('SXh312S6aAq7Yd5',2002,'BSG-564','HR','Car'),('SY96JDQ97089',2004,NULL,NULL,NULL),('t0xBt5242q6rcg5',2007,'VVY-901','BE','Bicycle'),('t148cj8ehQg8X98',2018,'XEK-009','LV','Light truck'),('t19257f08MlRG4u',2007,'SHV-182','BE','Bicycle'),('t4g42Bf973gWAl4',2008,'WOU-843','DK','Light truck'),('t4vyhcRt2t1A6wM',2019,'WSH-802','LV','Car'),('T630JU42Ac5weO5',2013,'ARS-408','DE','Car'),('T803LwMHW91Ss7f',2011,'OEO-382','EE','Car'),('TE24LCO18661',2009,NULL,NULL,NULL),('tJ1sN8L16z8Gz9X',2020,'TKJ-456','BG','Light truck'),('tQGh9W8i5z2u6FK',2011,'HZF-073','LV','Light truck'),('tV59v0V912461P2',2000,'QKH-306','HR','Light truck'),('TV81MAQ99005',2000,NULL,NULL,NULL),('TW140229vHu21g8',2010,'PGW-247','IT','Bicycle'),('TY2JZ2KWDGj5FF4',2001,'USJ-961','ES','Car'),('TZ48CCW54765',2015,NULL,NULL,NULL),('u08F1ceS356687A',2008,'KGG-789','HR','Heavy Truck'),('u1s4uHV729A46u1',2006,'WYW-165','BE','Car'),('u1yi9Q4q9365sM6',2001,'VJO-831','DK','Motorcycle'),('u2y503B2UDBe7Q3',2012,'BPF-840','CY','Bus'),('u5921WYC9A59kuV',2012,'SPK-389','FR','Car'),('u77870Yu3NXr8kW',2016,'DQQ-140','IT','Heavy Truck'),('U7CLr14gI98j788',2015,'LYD-212','HR','Light truck'),('U84010z3508216A',2021,'HKU-109','DK','Bicycle'),('u8gETO0GW7611Mh',2002,'HQH-312','IE','Bus'),('u8KYn97c1897eSu',2011,'YYV-051','EL','Car'),('U9F50e7V3zpPR85',2019,'NJZ-649','BG','Car'),('UA13YTK28483',2020,NULL,NULL,NULL),('UF84JOS00561',2020,NULL,NULL,NULL),('uG378165W3LEmw7',2006,'SYI-822','IT','Motorcycle'),('Uh9DSZQr3nn4LW6',2012,'OJW-548','BE','Heavy Truck'),('uk6i08A417058m3',2014,'NWF-544','EL','Motorcycle'),('UO75YNW62238',2003,NULL,NULL,NULL),('UP28MBM38391',2010,NULL,NULL,NULL),('UW9Tn233HKp27rj',2007,'MTW-253','CZ','Bicycle'),('uX34y8n5ajbDCm7',2004,'TML-500','IE','Heavy Truck'),('V62diqjzk2R863a',2018,'DTB-519','EE','Bus'),('V797NlT84cOM2tT',2014,'WFL-667','CY','Heavy Truck'),('vEa30T9ut92IlZn',2012,'QDF-561','CY','Light truck'),('VgN691yj510Cmw0',2011,'WCZ-931','ES','Heavy Truck'),('VJ92OYV94295',2000,NULL,NULL,NULL),('VL67TFO75321',2007,NULL,NULL,NULL),('VLP20oyS44fc3t4',2017,'TZE-574','BE','Bicycle'),('vqe5Yv6d242G4vk',2012,'PIY-124','CY','Light truck'),('VX68BAR38623',2005,NULL,NULL,NULL),('vXN4203509i082N',2003,'HGE-553','IT','Motorcycle'),('Vz3o5fWlbtn47O7',2010,'CEF-043','LV','Heavy Truck'),('w007gK4t5a1hD6j',2011,'JVZ-566','DE','Car'),('W15pPB6WM21il02',2002,'BPQ-725','LV','Heavy Truck'),('W299P6i37oM9t7I',2013,'DVR-347','DK','Light truck'),('w5eH5P440480F60',2014,'EOQ-725','BG','Light truck'),('W7224xj9m6qb0B5',2000,'SWQ-282','DE','Heavy Truck'),('w74eW1tazwL9H5N',2021,'CNE-547','FR','Bus'),('w94OwLO1hCGRp1W',2001,'CQZ-136','CY','Heavy Truck'),('w9cqYtJB8103758',2021,'SEV-613','BG','Car'),('Wa7ZdGf412S7j31',2009,'JXV-038','HR','Bicycle'),('wdf2Vw5j025LXIn',2004,'LWH-313','BG','Light truck'),('WG11QVY31890',2006,NULL,NULL,NULL),('WG41hNgt44LL4Ia',2013,'VON-125','CY','Bicycle'),('wH52353d5w4gYxR',2016,'UIN-464','IE','Motorcycle'),('wJELL4HsW0D2c10',2004,'VSS-708','DE','Bicycle'),('wSJ49L090715M9B',2020,'EDW-098','IE','Bicycle'),('WU78BMX13511',2008,NULL,NULL,NULL),('ww34t528K2S784k',2007,'EZS-367','IT','Bus'),('wX8vj100x276236',2006,'WUN-640','IE','Heavy Truck'),('Wxht11Ag0k4eer6',2008,'UMB-876','IE','Bicycle'),('WY00MLL63827',2000,NULL,NULL,NULL),('X057L8TNDYNNNHZ',2012,'DFP-726','LV','Motorcycle'),('x384vD5a5t375k9',2013,'KCV-210','IT','Light truck'),('X3Tr0f1b5zPs976',2009,'CKE-811','SE','Car'),('x444f3bwv1004Q1',2006,'EPQ-390','EE','Car'),('X4JOMsd0Q4z362F',2000,'ILL-587','CY','Light truck'),('X53w1k9g1hBzms8',2006,'AFW-521','IE','Bicycle'),('X63v62S9K79gJYo',2015,'SCE-577','CY','Car'),('x6JY4z54b718o7L',2008,'LBB-927','FR','Bicycle'),('x852Khlj4d5cB1d',2006,'AYR-342','FR','Light truck'),('X8Bu3886GKg20q0',2014,'MIL-452','HR','Motorcycle'),('XB092i9j4G7706g',2002,'KHP-805','ES','Heavy Truck'),('Xd8Q73O1AFJF960',2004,'DWN-675','FR','Light truck'),('XE59BZM26378',2020,NULL,NULL,NULL),('XF28DGK65250',2021,NULL,NULL,NULL),('XF5SY166E45wA9Q',2009,'XJP-304','HR','Bicycle'),('xG8CW5H4r4IrC04',2018,'AND-839','CZ','Car'),('xHcnB7R4E2A6qDx',2013,'RBD-695','HR','Car'),('XhG81ERnm3U7D8c',2002,'OMV-412','CY','Car'),('xJ7ok3Gl87P9pZ5',2021,'JVB-592','FR','Car'),('xK74R19P015r95F',2002,'CTM-357','DE','Motorcycle'),('XLd607y3muL2OM9',2006,'MBB-076','EE','Light truck'),('xp8McIPOM851Th7',2020,'JMH-530','LV','Bicycle'),('Xv0tU5G96BXD266',2006,'MRY-911','IT','Bicycle'),('XV40HUQ04740',2001,NULL,NULL,NULL),('xv6x3a084UDN475',2013,'DHE-862','HR','Motorcycle'),('XV91YMP27722',2012,NULL,NULL,NULL),('Xv9S0f2oM2I8Cl1',2021,'KEV-071','DE','Light truck'),('xz3M7i0232AcC9g',2011,'SMR-727','EL','Bus'),('y19F5C85NzIY9D6',2021,'DJR-511','BE','Light truck'),('y4f04559fC7Tab4',2011,'JFK-125','DE','Bicycle'),('y53y6487v8LAd49',2014,'SZV-439','DK','Bicycle'),('y665p4cJ15D915B',2018,'LCE-827','CY','Light truck'),('Y7800n98S1RXTc3',2000,'HHG-228','IT','Bicycle'),('Y892A1M897SjGcl',2018,'UCZ-002','CZ','Car'),('Y9Kq969RSX15g3n',2003,'ACG-948','FR','Light truck'),('Y9M8a77o5N30472',2014,'FTY-743','IE','Bus'),('Y9mW3763f33fl92',2011,'THK-127','LV','Motorcycle'),('yaI3Axcbh2Z2c5y',2016,'QKU-220','SE','Car'),('YBy25U9Th3I104H',2001,'JTE-358','SE','Bus'),('yG65m3e54R3030C',2007,'VAO-808','EL','Car'),('YH66OKD41942',2019,NULL,NULL,NULL),('YL27IFD65117',2006,NULL,NULL,NULL),('YLg7iV81tW7380q',2007,'ELR-903','FR','Bus'),('YLoh09kQC60z8t9',2015,'UPD-785','ES','Light truck'),('YmkgkbJ144883ME',2001,'LEV-243','EL','Motorcycle'),('yN1Ui00uI88gi18',2015,'SXF-705','ES','Car'),('Yt463988z9eICdf',2018,'RSM-644','BE','Bus'),('Yv635ug5eg17CxH',2011,'HLU-695','EE','Motorcycle'),('YVJ0sMR1Tz93UA7',2000,'HPI-233','IE','Motorcycle'),('yw7v6F11sU2652o',2015,'ZEK-427','EL','Car'),('YX66XYW62640',2014,NULL,NULL,NULL),('Z2RRaIu20F33DZ6',2002,'ZUZ-985','DK','Bicycle'),('z4878yjmZ9O5158',2009,'GJS-361','EE','Car'),('Z520oVN8GQ2ea1B',2010,'XRI-065','EE','Bus'),('Z61E4xGYu03s538',2020,'KVY-804','ES','Motorcycle'),('z6593VO7936a5I7',2000,'HXR-585','BG','Heavy Truck'),('z6f98WzBvll6S28',2014,'NNV-804','SE','Heavy Truck'),('Z7Dx8719ro8u24h',2003,'SRR-914','EL','Car'),('z7GGF4g7RY925Fb',2010,'OSD-941','FR','Bicycle'),('z9n143s18392iLt',2010,'YLC-428','IE','Motorcycle'),('zb1PI9c3Q6b0452',2016,'PPJ-763','CY','Heavy Truck'),('ZE664248Rs80558',2020,'FPQ-454','LV','Bicycle'),('ze7SD2gBSD81Gu4',2004,'HPW-229','IT','Bicycle'),('Zf630SPiUKt0V9D',2020,'MRN-913','CY','Bicycle'),('zfRO35Y1s75jO0J',2004,'QJD-756','CY','Motorcycle'),('Zizcb510380hm66',2005,'EQH-131','SE','Motorcycle'),('ZK1g9n2p80BZJfb',2004,'DNA-485','IT','Bus'),('ZmtI1a08Lazv229',2001,'CTS-472','BG','Bicycle'),('Zp5511zc0NaAB16',2021,'BYS-420','IE','Car'),('ZU0aHI0ex9Yz051',2010,'GIO-959','IT','Motorcycle'),('ZUQNM85276k39N4',2009,'RDN-438','ES','Motorcycle'),('zV3x8568Vc88uvR',2004,'VOD-209','HR','Bus'),('zv6J200uG960U60',2004,'QWS-133','SE','Heavy Truck'),('zw2561622bG9iJn',2017,'XEE-946','IE','Car'),('zw577i316Zv99H4',2005,'NMQ-119','HR','Heavy Truck'),('ZY93PCY41868',2006,NULL,NULL,NULL);
/*!40000 ALTER TABLE `Vehicles` ENABLE KEYS */;
UNLOCK TABLES;
/*!40103 SET TIME_ZONE=@OLD_TIME_ZONE */;

/*!40101 SET SQL_MODE=@OLD_SQL_MODE */;
/*!40014 SET FOREIGN_KEY_CHECKS=@OLD_FOREIGN_KEY_CHECKS */;
/*!40014 SET UNIQUE_CHECKS=@OLD_UNIQUE_CHECKS */;
/*!40101 SET CHARACTER_SET_CLIENT=@OLD_CHARACTER_SET_CLIENT */;
/*!40101 SET CHARACTER_SET_RESULTS=@OLD_CHARACTER_SET_RESULTS */;
/*!40101 SET COLLATION_CONNECTION=@OLD_COLLATION_CONNECTION */;
/*!40111 SET SQL_NOTES=@OLD_SQL_NOTES */;

-- Dump completed on 2022-02-13 17:48:27
