-- MySQL dump 10.13  Distrib 5.7.37, for Linux (x86_64)
--
-- Host: localhost    Database: tims
-- ------------------------------------------------------
-- Server version	5.7.37-0ubuntu0.18.04.1

/*!40101 SET @OLD_CHARACTER_SET_CLIENT=@@CHARACTER_SET_CLIENT */;
/*!40101 SET @OLD_CHARACTER_SET_RESULTS=@@CHARACTER_SET_RESULTS */;
/*!40101 SET @OLD_COLLATION_CONNECTION=@@COLLATION_CONNECTION */;
/*!40101 SET NAMES utf8 */;
/*!40103 SET @OLD_TIME_ZONE=@@TIME_ZONE */;
/*!40103 SET TIME_ZONE='+00:00' */;
/*!40014 SET @OLD_UNIQUE_CHECKS=@@UNIQUE_CHECKS, UNIQUE_CHECKS=0 */;
/*!40014 SET @OLD_FOREIGN_KEY_CHECKS=@@FOREIGN_KEY_CHECKS, FOREIGN_KEY_CHECKS=0 */;
/*!40101 SET @OLD_SQL_MODE=@@SQL_MODE, SQL_MODE='NO_AUTO_VALUE_ON_ZERO' */;
/*!40111 SET @OLD_SQL_NOTES=@@SQL_NOTES, SQL_NOTES=0 */;

--
-- Table structure for table `Operators`
--

DROP TABLE IF EXISTS `Operators`;
/*!40101 SET @saved_cs_client     = @@character_set_client */;
/*!40101 SET character_set_client = utf8 */;
CREATE TABLE `Operators` (
  `id` varchar(30) NOT NULL,
  `operatorName` varchar(30) DEFAULT NULL,
  `iban` varchar(34) DEFAULT NULL,
  PRIMARY KEY (`id`),
  UNIQUE KEY `operatorName` (`operatorName`),
  UNIQUE KEY `iban` (`iban`)
) ENGINE=InnoDB DEFAULT CHARSET=latin1;
/*!40101 SET character_set_client = @saved_cs_client */;

--
-- Dumping data for table `Operators`
--

LOCK TABLES `Operators` WRITE;
/*!40000 ALTER TABLE `Operators` DISABLE KEYS */;
INSERT INTO `Operators` VALUES ('1G5N','egnatia','GR8501769819712186422528741'),('1VYY','olympia odos','GR3701772522328791884718979'),('JNI9','kentriki odos','GR1701081323228746391281469'),('NJO4','gefyra','GR4001117546458185546132592'),('NLLG','nea odos','GR3201784557872874282317665'),('SXNF','aodos','GR4001061656445377653524954'),('WV7J','moreas','GR2901156325429496621317653');
/*!40000 ALTER TABLE `Operators` ENABLE KEYS */;
UNLOCK TABLES;

--
-- Table structure for table `Passes`
--

DROP TABLE IF EXISTS `Passes`;
/*!40101 SET @saved_cs_client     = @@character_set_client */;
/*!40101 SET character_set_client = utf8 */;
CREATE TABLE `Passes` (
  `id` varchar(30) NOT NULL,
  `timestamp` datetime(6) DEFAULT NULL,
  `charge` double DEFAULT NULL,
  `StationId` varchar(30) DEFAULT NULL,
  `TagId` varchar(30) DEFAULT NULL,
  PRIMARY KEY (`id`),
  KEY `StationId` (`StationId`),
  KEY `TagId` (`TagId`),
  CONSTRAINT `Passes_ibfk_1` FOREIGN KEY (`StationId`) REFERENCES `Stations` (`id`) ON DELETE SET NULL ON UPDATE CASCADE,
  CONSTRAINT `Passes_ibfk_2` FOREIGN KEY (`TagId`) REFERENCES `Tags` (`id`) ON DELETE SET NULL ON UPDATE CASCADE
) ENGINE=InnoDB DEFAULT CHARSET=latin1;
/*!40101 SET character_set_client = @saved_cs_client */;

--
-- Dumping data for table `Passes`
--

LOCK TABLES `Passes` WRITE;
/*!40000 ALTER TABLE `Passes` DISABLE KEYS */;
INSERT INTO `Passes` VALUES ('01seST5b161B26t','2013-08-27 17:28:44.000000',9.99,'45927N72fDXj23L','463f551E7ZvBw19'),('01W1h7183bC9X07','2002-10-08 09:01:52.000000',14.58,'a394kX0M5W21916','Xkh1XxDNHwhq024'),('03K2Kzo46rd547g','2005-11-04 00:34:23.000000',12.67,'28ju50Ob9V7cO1q','1ES2XF29g31I214'),('05go405bV8v50EI','2003-03-27 03:21:05.000000',4.99,'45927N72fDXj23L','6q5bn304Q1pws3W'),('0645JV362654n2C','2012-04-30 17:39:45.000000',10.01,'23e5Z8X79533Thl','56cZ0SbV15364nD'),('06900q04Q2c1045','2009-10-27 05:38:09.000000',13.45,'6Cb4A10rHRXZJ33','733sHDNG29220Je'),('07V461iM8888n99','2011-01-08 10:11:18.000000',15.04,'998plfbpha82h57','9427z6O05967z90'),('081e571847328c9','2020-11-10 23:08:37.000000',12.73,'2zs221cQ148J978','c9PBV8tE84oSQKf'),('090c48025qoui69','2011-05-16 22:16:53.000000',10.31,'23e5Z8X79533Thl','TuV621955Ny5B08'),('0eGkj3us81O38UB','2016-11-29 17:59:06.000000',4.31,'IgY024jIlu69h2s','i26x012SAN48Z5D'),('17214WJt2l986SF','2017-10-22 13:05:53.000000',10.42,'46rGys2N43uTFj2','6q5bn304Q1pws3W'),('19O1i4K2p720ZA6','2003-03-11 20:25:58.000000',5.53,'u2Dr3kX43748317','8k0B97Os974T596'),('1a5462QE1lDyZAC','2003-12-29 00:34:50.000000',2.77,'a394kX0M5W21916','8n19C34Dp60WdSq'),('1z8011756k7372j','2013-07-21 10:24:38.000000',17.42,'998plfbpha82h57','C4C16kq58b5eMS7'),('2355o0sNk49734D','2015-02-17 05:04:30.000000',9.5,'46rGys2N43uTFj2','90qA5u167471Bg6'),('29mPpP6U2Q6b376','2009-12-11 06:41:00.000000',11.95,'63m0VQm66E309k9','9427z6O05967z90'),('2OHnF6BIJ657W24','2011-11-28 21:19:26.000000',11.13,'63m0VQm66E309k9','645516y38ES9Q32'),('338ZpylX871k38G','2013-03-06 10:04:28.000000',15.48,'23e5Z8X79533Thl','jl9V2917K76P6cA'),('34It47c9K1g28lu','2005-06-30 10:36:26.000000',13.18,'u2Dr3kX43748317','750tu677QZvzx34'),('38sXN7F6D23d4yl','2012-05-25 11:11:42.000000',5.37,'23e5Z8X79533Thl','678yv98454O31CA'),('3a0llPh1L43J02K','2013-11-03 19:45:41.000000',2.52,'W04xU4u608dI83X','W3ystGvnHZ5sUf2'),('3q45ZDssET18GgS','2004-12-28 13:13:08.000000',2.6,'45927N72fDXj23L','678yv98454O31CA'),('40983WviAS3f5g9','2010-06-03 18:17:22.000000',6.82,'46rGys2N43uTFj2','V44gT0z602ek3M2'),('41Q62a8Ap3xIW70','2014-04-20 16:19:22.000000',2.35,'2zs221cQ148J978','1A6X1bA9GD46rbo'),('4c10K36pK9244ac','2016-09-22 07:07:20.000000',2.41,'6Cb4A10rHRXZJ33','i26x012SAN48Z5D'),('4Y6426s5Xri1K5u','2013-06-18 10:08:45.000000',10.91,'P3d593360Zl2W6u','3t764d6a567S28T'),('53nr281FUZG1T78','2010-12-29 07:13:32.000000',3.32,'dfO7N8K1k55EUWK','8n19C34Dp60WdSq'),('60Qo252eb5j3U83','2007-11-22 15:46:50.000000',12.63,'a394kX0M5W21916','H41W304idoG8S65'),('658K74DfNipUZ49','2012-08-15 16:11:39.000000',3.35,'89Syp62n20q6sK1','4t75QW7c7405wq2'),('67FABW43y4C08Hg','2003-11-03 13:23:35.000000',14.54,'45927N72fDXj23L','Mt2FXr681X64420'),('6I5xg51839rk1f7','2001-08-16 15:59:52.000000',8.08,'uN5i53Xc09zU6I8','QtOvV0x2367HH3Z'),('6J7T41F5qz4q88M','2020-12-02 21:51:33.000000',19.79,'uN5i53Xc09zU6I8','I8C6Sqs88GYe4r1'),('6t28yfI9159j3Dj','2009-09-18 00:48:19.000000',14.06,'23e5Z8X79533Thl','17J4weJ064tB4l9'),('7D7vL75M38324w5','2016-10-03 14:59:35.000000',15.71,'a394kX0M5W21916','42652B410r624e5'),('7L98fbM10vS9Gu4','2013-11-24 11:43:50.000000',14.84,'7v8034433VCbxV8','9427z6O05967z90'),('8071Xq9w164X474','2006-04-06 13:21:05.000000',9.33,'IgY024jIlu69h2s','64LH54NgX4806u3'),('831B7395FB7382U','2012-06-08 20:18:23.000000',6.7,'6Cb4A10rHRXZJ33','6I2l30V0ji6N15u'),('857825chI74Rat2','2007-07-04 16:27:47.000000',16.21,'dfO7N8K1k55EUWK','2pCd7Q547syM4PC'),('8Fp14K479f4Zh9D','2021-03-26 22:51:24.000000',14.83,'51X1h5Y0K0I4cj4','kUsG0A16Zc69v9V'),('8U23t12482Q9UX7','2018-07-09 01:49:42.000000',12.98,'u2Dr3kX43748317','5vFV7f16c462169'),('9KJ8Yah2iT38613','2002-09-03 06:21:06.000000',6.29,'dfO7N8K1k55EUWK','A487l60r695PpT6'),('9U715ZS640QZM36','2017-12-17 01:01:33.000000',15.67,'IgY024jIlu69h2s','3t764d6a567S28T'),('A10t3Z3H69Z8vA4','2021-11-23 08:02:57.000000',13.48,'23e5Z8X79533Thl','7bfoJ8Qog9O0ayW'),('a8F4f3JotaXRL73','2018-11-17 10:58:09.000000',14.31,'46rGys2N43uTFj2','20qt702A6c32428'),('bx226974w43g35t','2003-07-30 13:58:15.000000',8.15,'23e5Z8X79533Thl','20qt702A6c32428'),('CPaWdZPVA2xdA68','2013-02-13 22:49:11.000000',7.76,'89Syp62n20q6sK1','7KK1KmM2J8R806T'),('CUn1887N6201540','2013-01-16 19:31:31.000000',8.78,'dfO7N8K1k55EUWK','vm103Gaz1S36xX9'),('Cy21i42xpTK977u','2015-04-15 17:18:36.000000',15.99,'u2Dr3kX43748317','33zk0IMa8Gvf3Pz'),('ddG2BF2sImI782X','2018-05-30 08:09:03.000000',16.26,'6Cb4A10rHRXZJ33','eP79e5Vbefhi6xH'),('dI1Y5P01J7VYn30','2020-03-05 16:12:02.000000',11.03,'u2Dr3kX43748317','1f5zm1FX8Qz012d'),('dzM492U2Qwph6S1','2005-09-02 05:50:54.000000',5.84,'2zs221cQ148J978','2pCd7Q547syM4PC'),('F28fhR140e5BCuf','2003-12-04 17:41:09.000000',12.9,'W04xU4u608dI83X','90qA5u167471Bg6'),('f52jzmw40V1w682','2015-06-15 04:16:46.000000',2.18,'mB5wEedG44895m2','6q5bn304Q1pws3W'),('G39a5Q49295055u','2008-07-29 03:48:03.000000',15.39,'89Syp62n20q6sK1','4t75QW7c7405wq2'),('H2nPZULP26eE4Ba','2011-02-06 17:35:20.000000',18.81,'IgY024jIlu69h2s','3k0GRk5eksVd7LO'),('H6z8Ww7u20IxM8J','2002-02-14 23:18:36.000000',11.91,'28ju50Ob9V7cO1q','4t75QW7c7405wq2'),('hA5M328b0K42sPA','2012-01-21 10:08:32.000000',8.84,'6Cb4A10rHRXZJ33','20qt702A6c32428'),('HU657951t7C3940','2015-11-13 21:16:29.000000',15.76,'6Cb4A10rHRXZJ33','482U1650407177Y'),('i2638k2F9MK3Sq7','2004-12-15 08:34:58.000000',13.87,'bj2K15320PW9444','79G0W1sP17o51An'),('I78l0N114hh45rb','2015-12-20 23:30:43.000000',15.53,'51X1h5Y0K0I4cj4','Wb69X1l0mPc91Fa'),('i8Qg71Qu7oy6496','2021-01-02 16:15:44.000000',14.48,'46rGys2N43uTFj2','Uu0692S62nL0r18'),('iJyTadO8qB83377','2008-10-30 07:37:09.000000',5.7,'28ju50Ob9V7cO1q','aae0a0qwW59851f'),('iw0Ur1f5kqbf69H','2021-10-26 12:24:21.000000',5.94,'dfO7N8K1k55EUWK','5vFV7f16c462169'),('Iwh3347G90g3u7l','2007-01-08 11:36:45.000000',15.47,'W04xU4u608dI83X','8k0B97Os974T596'),('J3o863I0189KMBx','2006-09-08 08:41:16.000000',11.69,'28ju50Ob9V7cO1q','6q5bn304Q1pws3W'),('j8xDuEHREH94z31','2008-09-05 20:16:06.000000',6.86,'46rGys2N43uTFj2','SjEP7c3B304f682'),('JIxcXXE82c9I0VJ','2004-02-29 01:17:15.000000',19.27,'45927N72fDXj23L','8n19C34Dp60WdSq'),('K4N2Me8D098654f','2011-11-29 01:47:08.000000',14.13,'W04xU4u608dI83X','5vFV7f16c462169'),('KhJ195h53Nx68ZT','2004-11-27 10:44:27.000000',9.09,'mB5wEedG44895m2','1f5zm1FX8Qz012d'),('Ki53O0wF82k03uG','2008-08-18 23:57:09.000000',8.18,'998plfbpha82h57','JJ4Iv777xR374KE'),('l02Tv3Sm5572L27','2004-12-18 13:52:20.000000',17.45,'2zs221cQ148J978','2pCd7Q547syM4PC'),('l78GCt71Nl9t2s7','2008-08-22 15:38:03.000000',13.23,'28ju50Ob9V7cO1q','S473LWgS4hr943R'),('lbT1P47u53sGSHw','2011-04-19 11:02:53.000000',11.13,'63m0VQm66E309k9','6q5bn304Q1pws3W'),('m38M8AB0v1M9i9f','2003-04-18 12:22:52.000000',11.5,'23e5Z8X79533Thl','6I2l30V0ji6N15u'),('Mg6G0B0Q9M26w05','2017-05-08 22:59:10.000000',10.72,'uN5i53Xc09zU6I8','1e947kr2Z4YSP89'),('Mj8ODq80MwMR2Xp','2000-02-25 21:42:14.000000',5.73,'W04xU4u608dI83X','482U1650407177Y'),('Nn05PG4gAuOJjH3','2007-08-09 09:01:48.000000',15.56,'63m0VQm66E309k9','lpj5o5j1z67739E'),('O51845m5kO06nDX','2009-03-29 17:57:56.000000',5.32,'u2Dr3kX43748317','4CX755MscK3L5Ao'),('p8E2r1I39y5724H','2004-12-16 06:37:51.000000',11.1,'u2Dr3kX43748317','H6VSY37r5TD9Xsn'),('pwq4h1s8c4kqxXJ','2009-04-03 08:11:28.000000',4.46,'uN5i53Xc09zU6I8','q06Q0wjl3G6Ux89'),('q8422q6U0225b3j','2018-05-06 20:04:05.000000',5.18,'6Cb4A10rHRXZJ33','4CX755MscK3L5Ao'),('R13i5757486Vemp','2007-07-05 11:12:33.000000',18.21,'IgY024jIlu69h2s','62974k2838361pk'),('RaNdUlQ3o5y9Y47','2013-04-08 18:25:50.000000',17.51,'a394kX0M5W21916','4t75QW7c7405wq2'),('Rz1Q71985H21yd0','2001-09-29 12:16:12.000000',18.12,'28ju50Ob9V7cO1q','Uu0692S62nL0r18'),('s0w7214jof913v2','2016-02-24 21:33:55.000000',12.51,'45927N72fDXj23L','6q5bn304Q1pws3W'),('s37MknZHA092b39','2012-05-05 15:45:38.000000',19.35,'89Syp62n20q6sK1','79G0W1sP17o51An'),('t83Q0okz49Fxe8J','2018-06-01 21:10:48.000000',18.84,'P3d593360Zl2W6u','1e947kr2Z4YSP89'),('TjV5Z15u867955V','2012-06-26 16:59:13.000000',19.91,'7v8034433VCbxV8','62974k2838361pk'),('U434n2D8Ad58Gvr','2004-09-20 19:57:38.000000',18.56,'2zs221cQ148J978','1A6X1bA9GD46rbo'),('u62n186x3w92N87','2017-01-04 15:06:47.000000',15.07,'u2Dr3kX43748317','S473LWgS4hr943R'),('U9y2942X6Z68D3U','2004-12-14 07:20:19.000000',14.69,'u2Dr3kX43748317','kUsG0A16Zc69v9V'),('v15IbWg67564D62','2010-10-25 03:22:36.000000',12.19,'46rGys2N43uTFj2','0h8o7I3552ptono'),('w3B935D0u9h3456','2001-02-04 12:52:11.000000',7.61,'uN5i53Xc09zU6I8','5498978YT14KafV'),('x5i89Vg7I1yAxlv','2007-04-03 16:27:17.000000',15.1,'998plfbpha82h57','H41W304idoG8S65'),('xaN9B4f34Ip7B81','2012-05-28 07:22:50.000000',14.83,'6Cb4A10rHRXZJ33','401806950936o18'),('xx8N0UM6wYxS13v','2019-11-04 05:11:39.000000',6.63,'W04xU4u608dI83X','qQY29URXG043725'),('y677a289R9B96aO','2018-08-24 01:12:24.000000',2.15,'dfO7N8K1k55EUWK','eP79e5Vbefhi6xH'),('ygH1uQ60ya6f0z1','2021-10-08 02:33:55.000000',18.97,'bj2K15320PW9444','lpj5o5j1z67739E'),('Z2395sG1475V649','2006-05-02 13:10:40.000000',4.88,'28ju50Ob9V7cO1q','74yX78T1426858W'),('z97uwG9395bO1H0','2002-03-20 09:47:06.000000',3.84,'63m0VQm66E309k9','2S44t0C3503l8S1');
/*!40000 ALTER TABLE `Passes` ENABLE KEYS */;
UNLOCK TABLES;

--
-- Table structure for table `Stations`
--

DROP TABLE IF EXISTS `Stations`;
/*!40101 SET @saved_cs_client     = @@character_set_client */;
/*!40101 SET character_set_client = utf8 */;
CREATE TABLE `Stations` (
  `id` varchar(30) NOT NULL,
  `stationName` varchar(30) DEFAULT NULL,
  `OperatorId` varchar(30) DEFAULT NULL,
  PRIMARY KEY (`id`),
  UNIQUE KEY `stationName` (`stationName`),
  KEY `OperatorId` (`OperatorId`),
  CONSTRAINT `Stations_ibfk_1` FOREIGN KEY (`OperatorId`) REFERENCES `Operators` (`id`) ON DELETE SET NULL ON UPDATE CASCADE
) ENGINE=InnoDB DEFAULT CHARSET=latin1;
/*!40101 SET character_set_client = @saved_cs_client */;

--
-- Dumping data for table `Stations`
--

LOCK TABLES `Stations` WRITE;
/*!40000 ALTER TABLE `Stations` DISABLE KEYS */;
INSERT INTO `Stations` VALUES ('23e5Z8X79533Thl','O482','1G5N'),('28ju50Ob9V7cO1q','M748','JNI9'),('2zs221cQ148J978','Z701','NJO4'),('45927N72fDXj23L','C731','NJO4'),('46rGys2N43uTFj2','F610','SXNF'),('51X1h5Y0K0I4cj4','I727','1G5N'),('63m0VQm66E309k9','Y193','1VYY'),('6Cb4A10rHRXZJ33','M393','NJO4'),('7v8034433VCbxV8','Q387','1G5N'),('89Syp62n20q6sK1','L112','WV7J'),('998plfbpha82h57','I464','1G5N'),('a394kX0M5W21916','U798','NJO4'),('bj2K15320PW9444','O719','NLLG'),('dfO7N8K1k55EUWK','P404','WV7J'),('IgY024jIlu69h2s','U516','1G5N'),('mB5wEedG44895m2','Q143','1G5N'),('P3d593360Zl2W6u','J815','SXNF'),('u2Dr3kX43748317','C640','NJO4'),('uN5i53Xc09zU6I8','L247','WV7J'),('W04xU4u608dI83X','H617','NJO4');
/*!40000 ALTER TABLE `Stations` ENABLE KEYS */;
UNLOCK TABLES;

--
-- Table structure for table `Tags`
--

DROP TABLE IF EXISTS `Tags`;
/*!40101 SET @saved_cs_client     = @@character_set_client */;
/*!40101 SET character_set_client = utf8 */;
CREATE TABLE `Tags` (
  `id` varchar(30) NOT NULL,
  `credits` double DEFAULT NULL,
  `OperatorId` varchar(30) DEFAULT NULL,
  `VehicleId` varchar(30) DEFAULT NULL,
  PRIMARY KEY (`id`),
  KEY `OperatorId` (`OperatorId`),
  KEY `VehicleId` (`VehicleId`),
  CONSTRAINT `Tags_ibfk_1` FOREIGN KEY (`OperatorId`) REFERENCES `Operators` (`id`) ON DELETE SET NULL ON UPDATE CASCADE,
  CONSTRAINT `Tags_ibfk_2` FOREIGN KEY (`VehicleId`) REFERENCES `Vehicles` (`id`) ON DELETE SET NULL ON UPDATE CASCADE
) ENGINE=InnoDB DEFAULT CHARSET=latin1;
/*!40101 SET character_set_client = @saved_cs_client */;

--
-- Dumping data for table `Tags`
--

LOCK TABLES `Tags` WRITE;
/*!40000 ALTER TABLE `Tags` DISABLE KEYS */;
INSERT INTO `Tags` VALUES ('0h8o7I3552ptono',62.58,'SXNF','Ul0AHec98P329e0'),('17J4weJ064tB4l9',25.76,'1VYY','N70n5VS748IT14G'),('1A6X1bA9GD46rbo',50.56,'JNI9','9i5nn2M70GbN64Z'),('1e947kr2Z4YSP89',36.48,'NJO4','1zM5ie58YN0VENE'),('1ES2XF29g31I214',9.7,'JNI9','k1F9IKEh70lfl4c'),('1f5zm1FX8Qz012d',19.96,'WV7J','3618L4905nLd705'),('1Q5LipiD9Ea05SX',8.33,'1VYY','4C9hp3Sh9YAems9'),('20qt702A6c32428',35.73,'WV7J','BE865t1R7g04U7e'),('22P82508XN6919L',55.24,'NLLG','wTybI4v74629i49'),('243857ZB166mcr0',64.14,'SXNF','j0A475Ss8f2704e'),('2pCd7Q547syM4PC',63.84,'NLLG','1zM5ie58YN0VENE'),('2S44t0C3503l8S1',6.04,'WV7J','k1F9IKEh70lfl4c'),('33zk0IMa8Gvf3Pz',53.41,'1VYY','Ah415723213hnz9'),('3j4dGHuFCCs037r',26.9,'SXNF','uS4rSw2O964l280'),('3k0GRk5eksVd7LO',21.59,'1G5N','22pT0XpTM2S468A'),('3S63276E39P0K3J',32.6,'JNI9','9R805466axfYhL8'),('3t764d6a567S28T',24.51,'1G5N','wq79M3527t1uji1'),('3y5zO1XT45w80M7',45.87,'WV7J','3618L4905nLd705'),('401806950936o18',48.62,'WV7J','8MhXS20Ks7zw89z'),('41QKy0yw554cz9u',7.88,'SXNF','G145AduX8qM284U'),('42652B410r624e5',39.64,'WV7J','96JBG94NCBQEOf1'),('463f551E7ZvBw19',8.5,'1G5N','Mz78rC397qaMzU4'),('46VRk18c1g27905',25.64,'JNI9','xE35o82p3uhtC5B'),('482U1650407177Y',56.41,'NJO4','L5525laaI1MM028'),('4CX755MscK3L5Ao',21.03,'JNI9','W7q2451hRb7Rd7i'),('4t75QW7c7405wq2',60.45,'1G5N','aM3980OW191S0RW'),('5498978YT14KafV',43.04,'SXNF','4I146Nq6Rf59MiF'),('56cZ0SbV15364nD',1.63,'NLLG','4C9hp3Sh9YAems9'),('5vFV7f16c462169',54.88,'NJO4','G145AduX8qM284U'),('608ga6Qci8GCS71',1.91,'1G5N','wA2cn67Db74ZVXD'),('62974k2838361pk',32.05,'1VYY','3tIQWRBo147BKo8'),('645516y38ES9Q32',26.03,'1G5N','28V223N3G6002w4'),('64LH54NgX4806u3',19.58,'NLLG','0W1192413akMyC7'),('678yv98454O31CA',7.24,'NJO4','18Ul9H1796bb59O'),('6ci41a7FkhQ76z1',51.74,'SXNF','T77221B6DV566NT'),('6I2l30V0ji6N15u',19.5,'NJO4','1O2pO8V8627ccJK'),('6q5bn304Q1pws3W',47.75,'1VYY','6943Yf284ys6yx1'),('70H50136EA4Njjy',44.49,'JNI9','T77221B6DV566NT'),('733sHDNG29220Je',56.62,'JNI9','nhj02w7bte27MtZ'),('73v01r7j5fLS639',23.49,'NJO4','Mz78rC397qaMzU4'),('74yX78T1426858W',5.42,'NJO4','m7Uy02y3y86tev5'),('750tu677QZvzx34',51.27,'JNI9','aM3980OW191S0RW'),('767mY0E8gP8FV4l',38.38,'NJO4','4ls38R436745xs3'),('79G0W1sP17o51An',35.18,'NLLG','N70n5VS748IT14G'),('7bfoJ8Qog9O0ayW',62.81,'1VYY','N70n5VS748IT14G'),('7KK1KmM2J8R806T',67.53,'NLLG','Q8c0C9H8273s329'),('7Ye39710mwf1s66',55.46,'NLLG','18y47YyT1878k0e'),('859We181VY7W6rI',68.98,'NLLG','Wi002u5J236930z'),('8k0B97Os974T596',68.61,'NJO4','4I146Nq6Rf59MiF'),('8n19C34Dp60WdSq',19.08,'SXNF','m7Uy02y3y86tev5'),('8yu37u44SzO6066',46.82,'WV7J','u9W1n32z128ZQ3P'),('90aD41f9CL55QYr',9.57,'1VYY','1O2pO8V8627ccJK'),('90qA5u167471Bg6',1.49,'WV7J','C416r56QcM39W06'),('9427z6O05967z90',26.02,'NLLG','NE5EgI26MO19hx7'),('9Ar39t1va09TQak',8.75,'JNI9','4ls38R436745xs3'),('9D475450h27F5yk',4.81,'NJO4','wA2cn67Db74ZVXD'),('9DlE2O4G93p80Q1',25.94,'1G5N','QFN52rx2iDT319w'),('A487l60r695PpT6',11.71,'SXNF','Ar22chfwLYV3Zms'),('aae0a0qwW59851f',34.81,'WV7J','B298LQ97407493w'),('bUg87w7657550k7',67.86,'JNI9','8W9321I2Ho3zA44'),('C2oFJ566cU54mgq',11.24,'SXNF','108a633Ixa11hj2'),('C4C16kq58b5eMS7',30.09,'NLLG','fF3dPTH1003hTDh'),('c9aMP1lBYvg9CW2',24.86,'JNI9','14BRy3xPPs2534A'),('c9PBV8tE84oSQKf',60.06,'NLLG','3c58o5666Ag98d8'),('CC0DuO3572C65u3',51.45,'WV7J','gl86C15Yp01E35w'),('d4n3x7y9H20T882',32.19,'SXNF','4C9hp3Sh9YAems9'),('E0841092y0193h6',4.05,'NLLG','QKDNtAER2pj87a2'),('eP79e5Vbefhi6xH',32.58,'NLLG','bwv3E8nY405H17X'),('FQ4H70Zh0478149',44.1,'1G5N','09n3159J0xphx15'),('g1N4ZaLcB4X3zc4',2,'WV7J','4ls38R436745xs3'),('g6hjTg252R9XE27',57.45,'NLLG','4ls38R436745xs3'),('H41W304idoG8S65',37.48,'NJO4','16iIbt34HG36M18'),('H6VSY37r5TD9Xsn',19.14,'1VYY','gl86C15Yp01E35w'),('i26x012SAN48Z5D',44.42,'WV7J','3Q49Rwsjk1zhuy1'),('I8C6Sqs88GYe4r1',49.15,'SXNF','j0A475Ss8f2704e'),('JJ4Iv777xR374KE',22.86,'NJO4','bwv3E8nY405H17X'),('jl9V2917K76P6cA',14.17,'NLLG','B6B35wHxkB99PC9'),('kUsG0A16Zc69v9V',65.87,'NLLG','L5525laaI1MM028'),('lpj5o5j1z67739E',24.7,'1G5N','6943Yf284ys6yx1'),('Mt2FXr681X64420',62.5,'NJO4','18y47YyT1878k0e'),('PZ6010i1X10G56D',50.56,'NLLG','18Ul9H1796bb59O'),('q06Q0wjl3G6Ux89',45.74,'1G5N','Mz78rC397qaMzU4'),('qQY29URXG043725',49.49,'1VYY','7I74f9O75483L7y'),('QtOvV0x2367HH3Z',18.5,'JNI9','Gv3vU6YN82v4824'),('rr97A6E2g053242',4.46,'NLLG','RSOBEgZR2h91gK6'),('S473LWgS4hr943R',6.8,'NJO4','xE35o82p3uhtC5B'),('SjEP7c3B304f682',22.47,'NJO4','K6TCnG3096871zE'),('Sk06K03390dSI8P',3.4,'WV7J','6U412I8d9E5212X'),('TuV621955Ny5B08',53.32,'1G5N','9SK6668w33UT800'),('Uu0692S62nL0r18',35.92,'NJO4','1471816Mq1M74d5'),('V44gT0z602ek3M2',28.12,'1G5N','4ls38R436745xs3'),('vm103Gaz1S36xX9',21.51,'NLLG','g7mF4O60U3y552m'),('W3ystGvnHZ5sUf2',18.09,'1G5N','4ls38R436745xs3'),('Wb69X1l0mPc91Fa',43.69,'JNI9','wq79M3527t1uji1'),('Xkh1XxDNHwhq024',66.66,'1VYY','14BRy3xPPs2534A'),('Yg4R9G545jZ65aV',35.45,'SXNF','gl86C15Yp01E35w'),('z05c055bT2Ag6sd',31.1,'WV7J','j6J6586WEw90kyh'),('zgDN85701759ct1',65.96,'SXNF','8W9321I2Ho3zA44'),('ztpy3g3Ts9178RC',53.87,'1G5N','Dx74yP3808x4cx4'),('ZyzB99kJ7430GXz',17.29,'1G5N','09n3159J0xphx15');
/*!40000 ALTER TABLE `Tags` ENABLE KEYS */;
UNLOCK TABLES;

--
-- Table structure for table `Vehicles`
--

DROP TABLE IF EXISTS `Vehicles`;
/*!40101 SET @saved_cs_client     = @@character_set_client */;
/*!40101 SET character_set_client = utf8 */;
CREATE TABLE `Vehicles` (
  `id` varchar(30) NOT NULL,
  `licenseYear` int(11) DEFAULT NULL,
  `licensePlate` varchar(15) DEFAULT NULL,
  `licenseCountry` varchar(30) DEFAULT NULL,
  `vehicleType` varchar(100) DEFAULT NULL,
  PRIMARY KEY (`id`),
  UNIQUE KEY `licensePlate` (`licensePlate`)
) ENGINE=InnoDB DEFAULT CHARSET=latin1;
/*!40101 SET character_set_client = @saved_cs_client */;

--
-- Dumping data for table `Vehicles`
--

LOCK TABLES `Vehicles` WRITE;
/*!40000 ALTER TABLE `Vehicles` DISABLE KEYS */;
INSERT INTO `Vehicles` VALUES ('062mA3609T4q30j',2019,'KFX-251','CY','Motorcycle'),('09n3159J0xphx15',2019,'PKG-458','DK','Heavy Truck'),('0W1192413akMyC7',2005,'UXU-359','LV','Car'),('108a633Ixa11hj2',2016,'BKG-034','CY','Motorcycle'),('127R984i349q3C2',2010,'USE-477','SE','Bus'),('1471816Mq1M74d5',2020,'CDV-735','LV','Motorcycle'),('14BRy3xPPs2534A',2013,'NSV-296','IE','Heavy Truck'),('16iIbt34HG36M18',2001,'YJA-854','FR','Bus'),('18Ul9H1796bb59O',2002,'FXS-889','SE','Bus'),('18y47YyT1878k0e',2014,'LAZ-957','BE','Heavy Truck'),('1eS76Ca66945sdW',2012,'HQB-717','CZ','Bicycle'),('1k3e045nkR694PC',2003,'EYA-525','BE','Motorcycle'),('1O2pO8V8627ccJK',2000,'CRT-493','LV','Car'),('1zM5ie58YN0VENE',2009,'DPO-062','EE','Car'),('22pT0XpTM2S468A',2008,'SNC-428','CY','Motorcycle'),('28V223N3G6002w4',2001,'FDL-405','ES','Car'),('2LPEp2M1Gu9h2aH',2012,'UVZ-428','ES','Heavy Truck'),('2yE5b75I0s0h604',2009,'OFK-182','LV','Light truck'),('3618L4905nLd705',2009,'CCX-245','ES','Heavy Truck'),('3c58o5666Ag98d8',2002,'UGV-020','EE','Motorcycle'),('3n04x9N6aRaW25q',2015,'LID-113','BG','Bicycle'),('3Q49Rwsjk1zhuy1',2015,'HOL-932','CY','Motorcycle'),('3Q6e03KSfA3V2s3',2013,'KFO-612','EL','Car'),('3tIQWRBo147BKo8',2012,'UEX-338','ES','Bus'),('3x2jdtophk15TFp',2006,'YKU-244','CZ','Bicycle'),('4C9hp3Sh9YAems9',2005,'XWW-464','FR','Bicycle'),('4I146Nq6Rf59MiF',2007,'XMG-124','LV','Motorcycle'),('4ls38R436745xs3',2017,'DXY-136','BG','Motorcycle'),('56Vq4z9hlQ3ciJl',2017,'AKP-313','IT','Motorcycle'),('62oq6op9T22mf5y',2004,'XKC-610','DE','Bus'),('6943Yf284ys6yx1',2009,'YOP-997','BE','Light truck'),('6m86EG0491xhu0o',2005,'WCD-361','SE','Bicycle'),('6t26YC9H0Jw3F45',2010,'RLQ-624','CZ','Motorcycle'),('6U412I8d9E5212X',2004,'XZP-726','BE','Car'),('6VfVrgIA97o6MA1',2013,'PKA-024','ES','Bus'),('70Wt54X0GjkKTY8',2011,'JVK-728','SE','Light truck'),('7I74f9O75483L7y',2001,'PCM-465','CZ','Bus'),('8FF45185TYk640A',2020,'ZIC-272','BE','Light truck'),('8MhXS20Ks7zw89z',2002,'YJG-490','BE','Bicycle'),('8W9321I2Ho3zA44',2017,'JXG-951','DK','Heavy Truck'),('96JBG94NCBQEOf1',2012,'PMG-000','LV','Heavy Truck'),('98B87fxeXM36wV2',2008,'ZER-898','IE','Bus'),('9i5nn2M70GbN64Z',2012,'QHY-011','ES','Heavy Truck'),('9JMPQ4157155S5e',2004,'IHX-016','LV','Car'),('9R805466axfYhL8',2010,'GPB-181','CY','Heavy Truck'),('9SK6668w33UT800',2005,'KRB-096','SE','Bus'),('Ah415723213hnz9',2019,'LQH-614','IT','Bus'),('aM3980OW191S0RW',2010,'QCT-780','IE','Car'),('Ar22chfwLYV3Zms',2019,'MNN-819','SE','Heavy Truck'),('B298LQ97407493w',2010,'HVL-041','LV','Car'),('B6B35wHxkB99PC9',2003,'NBZ-026','EE','Motorcycle'),('BE865t1R7g04U7e',2017,'NEN-853','DE','Motorcycle'),('bwv3E8nY405H17X',2006,'MXD-470','EE','Bus'),('C416r56QcM39W06',2020,'DRI-111','CZ','Motorcycle'),('d2724CU4J6Jn863',2000,'VSZ-146','FR','Motorcycle'),('dD29pkD401w38K8',2000,'HIC-160','BE','Car'),('Dt5339n1MyiM0F6',2008,'WDW-464','IE','Heavy Truck'),('Dx74yP3808x4cx4',2017,'EKJ-095','CY','Bus'),('fF3dPTH1003hTDh',2004,'VVC-503','EL','Bicycle'),('G145AduX8qM284U',2000,'OJW-800','CY','Motorcycle'),('g7mF4O60U3y552m',2008,'EYJ-294','SE','Car'),('gl86C15Yp01E35w',2006,'TMG-792','DK','Light truck'),('Gv3vU6YN82v4824',2010,'BRE-548','LV','Light truck'),('j0A475Ss8f2704e',2008,'CTA-001','EE','Light truck'),('J56QTgv3u5c50cy',2012,'UZV-819','FR','Heavy Truck'),('j6J6586WEw90kyh',2019,'TCA-402','SE','Heavy Truck'),('k1F9IKEh70lfl4c',2011,'WZJ-512','DK','Motorcycle'),('K6TCnG3096871zE',2003,'WMM-692','ES','Bicycle'),('KU6D5r23Mq0bQcm',2020,'AJX-542','CZ','Bicycle'),('L5525laaI1MM028',2007,'VAO-103','SE','Heavy Truck'),('lO7Nf69Twqp12ww',2018,'GAP-354','EE','Car'),('m7Uy02y3y86tev5',2014,'SOG-409','IE','Car'),('Mz78rC397qaMzU4',2006,'TRA-458','DK','Bus'),('N2g54595ue04080',2021,'ZYU-592','IT','Car'),('N70n5VS748IT14G',2000,'MFN-156','DE','Car'),('NE5EgI26MO19hx7',2008,'XAN-391','FR','Bicycle'),('nhj02w7bte27MtZ',2009,'OBN-940','BG','Bicycle'),('nx674U2B4hA659P',2020,'PML-529','DK','Bicycle'),('P3Ioe43G5032Oc9',2005,'EGG-429','DE','Heavy Truck'),('Q8c0C9H8273s329',2013,'SOM-829','EE','Motorcycle'),('QFN52rx2iDT319w',2002,'JPD-035','BG','Bus'),('QKDNtAER2pj87a2',2021,'VYS-335','ES','Heavy Truck'),('r3K66IqLEDG7XD4',2017,'FQM-753','LV','Car'),('Rr7UV77MVgXQ36r',2013,'NBS-574','IE','Light truck'),('RSOBEgZR2h91gK6',2008,'OUN-369','EE','Bus'),('T77221B6DV566NT',2020,'DBQ-491','CZ','Heavy Truck'),('t8sbNO39t18yIW7',2003,'PQK-308','EE','Bicycle'),('u9W1n32z128ZQ3P',2003,'XAN-291','SE','Light truck'),('Ul0AHec98P329e0',2001,'GBT-699','EL','Light truck'),('uS4rSw2O964l280',2010,'IDT-002','SE','Heavy Truck'),('V3iFil2tkd8H959',2004,'GHH-848','CY','Car'),('vY180z1Y7N0B6g1',2000,'MHU-058','HR','Car'),('W7q2451hRb7Rd7i',2004,'ZUO-011','EE','Heavy Truck'),('wA2cn67Db74ZVXD',2018,'XLS-214','DK','Bus'),('Wi002u5J236930z',2002,'FZX-036','BG','Heavy Truck'),('wq79M3527t1uji1',2004,'CFX-041','EL','Bus'),('wTybI4v74629i49',2006,'SRU-420','SE','Motorcycle'),('X15Y6878m7p6014',2016,'KAQ-835','CY','Bus'),('xE35o82p3uhtC5B',2019,'FNX-894','EE','Heavy Truck'),('XGmE84on87DV57L',2015,'VSO-306','FR','Bus');
/*!40000 ALTER TABLE `Vehicles` ENABLE KEYS */;
UNLOCK TABLES;
/*!40103 SET TIME_ZONE=@OLD_TIME_ZONE */;

/*!40101 SET SQL_MODE=@OLD_SQL_MODE */;
/*!40014 SET FOREIGN_KEY_CHECKS=@OLD_FOREIGN_KEY_CHECKS */;
/*!40014 SET UNIQUE_CHECKS=@OLD_UNIQUE_CHECKS */;
/*!40101 SET CHARACTER_SET_CLIENT=@OLD_CHARACTER_SET_CLIENT */;
/*!40101 SET CHARACTER_SET_RESULTS=@OLD_CHARACTER_SET_RESULTS */;
/*!40101 SET COLLATION_CONNECTION=@OLD_COLLATION_CONNECTION */;
/*!40111 SET SQL_NOTES=@OLD_SQL_NOTES */;

-- Dump completed on 2022-02-12  4:43:46
